Date,Day_of_Week,Morning_card1,Morning_card2,Morning_card3,Evening_number1,Evening_number2,Evening_number3,Morning_number,Evening_number,Draw_Index
2020-01-01,Wednesday,1,5,8,0,1,8,4,9,1
2020-01-02,Thursday,0,2,9,1,6,7,1,4,2
2020-01-03,Friday,1,4,5,2,5,8,0,5,3
2020-01-04,Saturday,0,2,5,1,4,8,7,3,4
2020-01-06,Monday,0,2,4,2,4,7,6,3,5
2020-01-07,Tuesday,2,5,7,1,2,5,4,8,6
2020-01-08,Wednesday,1,3,4,2,4,5,8,1,7
2020-01-09,Thursday,0,1,7,1,3,6,8,0,8
2020-01-10,Friday,4,7,8,1,5,8,9,4,9
2020-01-11,Saturday,0,4,8,0,1,2,2,3,10
2020-01-13,Monday,1,2,7,1,7,9,0,7,11
2020-01-14,Tuesday,4,5,7,4,6,7,6,7,12
2020-01-15,Wednesday,4,6,9,3,6,9,9,8,13
2020-01-16,Thursday,1,4,7,0,6,9,2,5,14
2020-01-17,Friday,0,1,4,1,5,9,5,5,15
2020-01-18,Saturday,4,6,9,4,5,8,9,7,16
2020-01-20,Monday,1,3,7,1,4,6,1,1,17
2020-01-21,Tuesday,0,1,4,0,3,9,5,2,18
2020-01-22,Wednesday,1,2,5,4,6,8,8,8,19
2020-01-23,Thursday,0,1,3,1,5,8,4,4,20
2020-01-24,Friday,2,6,8,1,3,5,6,9,21
2020-01-25,Saturday,1,2,5,0,3,4,8,7,22
2020-01-27,Monday,0,3,8,3,6,9,1,8,23
2020-01-28,Tuesday,5,6,7,1,4,8,8,3,24
2020-01-29,Wednesday,3,4,8,4,7,8,5,9,25
2020-01-30,Thursday,0,1,5,0,5,8,6,3,26
2020-01-31,Friday,4,5,8,1,2,8,7,1,27
2020-02-01,Saturday,2,4,7,1,3,9,3,3,28
2020-02-03,Monday,3,6,8,2,7,9,7,8,29
2020-02-04,Tuesday,2,8,9,0,4,7,9,1,30
2020-02-05,Wednesday,2,5,6,6,8,9,3,3,31
2020-02-06,Thursday,5,6,9,4,5,6,0,5,32
2020-02-07,Friday,4,5,7,1,2,5,6,8,33
2020-02-08,Saturday,1,4,5,1,2,8,0,1,34
2020-02-10,Monday,1,3,7,1,7,9,1,7,35
2020-02-11,Tuesday,0,1,4,1,5,8,5,4,36
2020-02-12,Wednesday,2,3,8,0,1,3,3,4,37
2020-02-13,Thursday,1,2,9,0,5,8,2,3,38
2020-02-14,Friday,1,2,9,0,3,4,2,7,39
2020-02-15,Saturday,0,6,9,5,7,9,5,1,40
2020-02-17,Monday,2,3,6,0,1,6,1,7,41
2020-02-18,Tuesday,2,4,9,1,3,8,5,2,42
2020-02-19,Wednesday,0,2,8,2,5,8,0,5,43
2020-02-20,Thursday,1,2,7,3,6,8,0,7,44
2020-02-21,Friday,2,3,8,1,3,7,3,1,45
2020-02-22,Saturday,1,5,9,1,3,7,5,1,46
2020-02-24,Monday,1,3,7,2,5,7,1,4,47
2020-02-25,Tuesday,4,7,9,2,3,9,0,4,48
2020-02-26,Wednesday,0,8,9,4,8,9,7,1,49
2020-02-27,Thursday,5,7,8,2,8,9,0,9,50
2020-02-28,Friday,0,1,5,3,6,7,6,6,51
2020-02-29,Saturday,1,2,3,3,6,7,6,6,52
2020-03-02,Monday,1,3,7,1,5,8,1,4,53
2020-03-03,Tuesday,2,4,9,0,1,3,5,4,54
2020-03-04,Wednesday,1,6,8,2,4,7,5,3,55
2020-03-05,Thursday,5,6,7,4,7,8,8,9,56
2020-03-06,Friday,0,8,9,2,3,6,7,1,57
2020-03-07,Saturday,1,8,9,0,4,9,8,3,58
2020-03-09,Monday,3,4,6,0,6,8,3,4,59
2020-03-10,Tuesday,2,5,6,4,8,9,3,1,60
2020-03-11,Wednesday,2,6,8,1,3,9,6,3,61
2020-03-12,Thursday,5,6,8,1,2,9,9,2,62
2020-03-13,Friday,0,1,3,2,5,7,4,4,63
2020-03-14,Saturday,1,3,9,0,3,9,3,2,64
2020-03-16,Monday,5,8,9,1,6,9,2,6,65
2020-03-17,Tuesday,0,8,9,1,2,6,7,9,66
2020-03-18,Wednesday,0,4,5,0,4,6,9,0,67
2020-03-19,Thursday,4,6,8,5,8,9,8,2,68
2020-03-20,Friday,1,3,6,2,6,7,0,5,69
2020-03-21,Saturday,1,3,8,5,6,9,2,0,70
2020-03-23,Monday,0,3,4,1,6,9,7,6,71
2020-03-24,Tuesday,2,7,8,1,7,8,7,6,72
2020-03-25,Wednesday,1,3,9,3,6,9,3,8,73
2020-03-26,Thursday,3,7,8,0,3,4,8,7,74
2020-03-27,Friday,2,5,9,0,1,5,6,6,75
2020-03-28,Saturday,5,6,9,0,2,9,0,1,76
2020-03-30,Monday,3,5,7,5,6,7,5,8,77
2020-03-31,Tuesday,4,8,9,0,5,7,1,2,78
2020-04-01,Wednesday,3,4,6,2,3,6,3,1,79
2020-04-02,Thursday,0,5,7,2,6,9,2,7,80
2020-04-03,Friday,3,7,9,5,8,9,9,2,81
2020-04-04,Saturday,2,8,9,5,6,7,9,8,82
2020-04-06,Monday,4,8,9,6,7,8,1,1,83
2020-04-07,Tuesday,7,8,9,2,3,9,4,4,84
2020-04-08,Wednesday,3,4,5,0,8,9,2,7,85
2020-04-09,Thursday,1,4,7,2,3,7,2,2,86
2020-04-10,Friday,3,5,7,1,3,7,5,1,87
2020-04-11,Saturday,0,4,7,1,7,8,1,6,88
2020-04-13,Monday,6,7,8,2,6,7,1,5,89
2020-04-14,Tuesday,0,3,6,2,8,9,9,9,90
2020-04-15,Wednesday,2,5,9,1,7,8,6,6,91
2020-04-16,Thursday,2,6,9,4,5,7,7,6,92
2020-04-17,Friday,0,3,9,1,4,5,2,0,93
2020-04-18,Saturday,0,3,7,3,6,7,0,6,94
2020-04-20,Monday,4,5,9,4,6,8,8,8,95
2020-04-21,Tuesday,1,6,9,4,5,9,6,8,96
2020-04-22,Wednesday,2,6,7,4,8,9,5,1,97
2020-04-23,Thursday,1,2,9,3,4,5,2,2,98
2020-04-24,Friday,1,6,9,0,7,9,6,6,99
2020-04-25,Saturday,0,4,7,2,7,9,1,8,100
2020-04-27,Monday,2,5,7,4,7,8,4,9,101
2020-04-28,Tuesday,0,2,9,2,3,4,1,9,102
2020-04-29,Wednesday,0,2,8,1,5,9,0,5,103
2020-04-30,Thursday,2,6,7,0,1,3,5,4,104
2020-05-01,Friday,4,8,9,1,7,8,1,6,105
2020-05-02,Saturday,0,7,8,0,4,5,5,9,106
2020-05-04,Monday,0,8,9,0,5,9,7,4,107
2020-05-05,Tuesday,1,2,4,0,2,7,7,9,108
2020-05-06,Wednesday,2,3,9,1,2,4,4,7,109
2020-05-07,Thursday,4,5,9,2,4,8,8,4,110
2020-05-08,Friday,2,3,5,0,2,9,0,1,111
2020-05-09,Saturday,7,8,9,2,4,9,4,5,112
2020-05-11,Monday,0,5,7,0,4,7,2,1,113
2020-05-12,Tuesday,0,3,5,0,5,9,8,4,114
2020-05-13,Wednesday,1,6,7,1,4,9,4,4,115
2020-05-14,Thursday,0,1,2,4,5,6,3,5,116
2020-05-15,Friday,0,4,5,3,6,9,9,8,117
2020-05-16,Saturday,0,4,8,0,1,6,2,7,118
2020-05-18,Monday,4,7,9,5,8,9,0,2,119
2020-05-19,Tuesday,0,3,8,1,5,6,1,2,120
2020-05-20,Wednesday,1,2,5,0,6,8,8,4,121
2020-05-21,Thursday,5,6,7,1,3,6,8,0,122
2020-05-22,Friday,0,7,8,0,3,4,5,7,123
2020-05-23,Saturday,0,4,5,1,3,9,9,3,124
2020-05-25,Monday,3,4,8,4,5,7,5,6,125
2020-05-26,Tuesday,1,6,7,2,3,7,4,2,126
2020-05-27,Wednesday,1,5,7,0,6,8,3,4,127
2020-05-28,Thursday,1,3,9,1,5,7,3,3,128
2020-05-29,Friday,4,6,8,3,6,7,8,6,129
2020-05-30,Saturday,0,5,7,0,7,9,2,6,130
2020-06-01,Monday,0,1,5,0,6,8,6,4,131
2020-06-02,Tuesday,0,1,7,2,7,8,8,7,132
2020-06-03,Wednesday,2,3,7,1,2,4,2,7,133
2020-06-04,Thursday,1,2,9,2,5,6,2,3,134
2020-06-05,Friday,0,7,9,4,7,8,6,9,135
2020-06-06,Saturday,3,5,9,3,4,8,7,5,136
2020-06-08,Monday,0,3,5,1,4,7,8,2,137
2020-06-09,Tuesday,1,2,8,1,4,9,1,4,138
2020-06-10,Wednesday,0,5,7,0,4,8,2,2,139
2020-06-11,Thursday,0,4,9,3,4,9,3,6,140
2020-06-12,Friday,0,1,6,2,4,6,7,2,141
2020-06-13,Saturday,2,7,8,2,7,8,7,7,142
2020-06-15,Monday,4,6,9,0,4,8,9,2,143
2020-06-16,Tuesday,2,8,9,0,4,8,9,2,144
2020-06-17,Wednesday,0,3,9,2,4,9,2,5,145
2020-06-18,Thursday,1,2,7,2,7,9,0,8,146
2020-06-19,Friday,0,1,2,0,6,8,3,4,147
2020-06-20,Saturday,0,3,5,3,7,8,8,8,148
2020-06-22,Monday,1,5,9,1,2,9,5,2,149
2020-06-23,Tuesday,0,7,9,0,2,3,6,5,150
2020-06-24,Wednesday,0,3,7,2,3,7,0,2,151
2020-06-25,Thursday,5,6,8,0,2,8,9,0,152
2020-06-26,Friday,5,8,9,1,2,3,2,6,153
2020-06-27,Saturday,5,7,9,1,4,8,1,3,154
2020-06-29,Monday,1,3,5,1,5,8,9,4,155
2020-06-30,Tuesday,0,1,4,2,6,8,5,6,156
2020-07-01,Wednesday,3,4,5,2,3,7,2,2,157
2020-07-02,Thursday,0,2,9,2,4,8,1,4,158
2020-07-03,Friday,2,4,7,5,6,8,3,9,159
2020-07-04,Saturday,0,2,9,1,4,7,1,2,160
2020-07-06,Monday,0,7,8,1,8,9,5,8,161
2020-07-07,Tuesday,0,3,9,2,5,9,2,6,162
2020-07-08,Wednesday,4,8,9,5,8,9,1,2,163
2020-07-09,Thursday,0,2,8,6,7,9,0,2,164
2020-07-10,Friday,0,8,9,4,6,8,7,8,165
2020-07-11,Saturday,0,2,9,2,5,8,1,5,166
2020-07-13,Monday,0,2,8,1,7,8,0,6,167
2020-07-14,Tuesday,0,1,9,4,5,8,0,7,168
2020-07-15,Wednesday,1,2,9,2,8,9,2,9,169
2020-07-16,Thursday,3,5,6,0,3,8,4,1,170
2020-07-17,Friday,2,5,7,4,5,7,4,6,171
2020-07-18,Saturday,0,1,2,2,5,8,3,5,172
2020-07-20,Monday,0,4,8,1,2,6,2,9,173
2020-07-21,Tuesday,5,6,7,0,6,8,8,4,174
2020-07-22,Wednesday,3,5,6,1,6,9,4,6,175
2020-07-23,Thursday,2,7,8,2,3,4,7,9,176
2020-07-24,Friday,2,3,7,0,3,6,2,9,177
2020-07-25,Saturday,0,4,6,2,7,9,0,8,178
2020-07-27,Monday,0,1,2,4,5,6,3,5,179
2020-07-28,Tuesday,4,5,8,4,7,8,7,9,180
2020-07-29,Wednesday,4,6,9,2,3,9,9,4,181
2020-07-30,Thursday,0,3,9,1,2,8,2,1,182
2020-07-31,Friday,1,4,6,2,3,8,1,3,183
2020-08-01,Saturday,4,7,9,2,6,7,0,5,184
2020-08-03,Monday,0,4,6,0,6,7,0,3,185
2020-08-04,Tuesday,3,6,8,3,6,7,7,6,186
2020-08-05,Wednesday,6,7,8,1,4,9,1,4,187
2020-08-06,Thursday,3,6,7,1,5,7,6,3,188
2020-08-07,Friday,3,4,9,0,8,9,6,7,189
2020-08-08,Saturday,4,6,9,1,5,7,9,3,190
2020-08-10,Monday,4,5,7,1,2,4,6,7,191
2020-08-11,Tuesday,1,6,9,2,6,8,6,6,192
2020-08-12,Wednesday,1,8,9,0,1,5,8,6,193
2020-08-13,Thursday,4,5,6,1,4,9,5,4,194
2020-08-14,Friday,1,6,8,0,2,4,5,6,195
2020-08-15,Saturday,3,6,9,2,6,8,8,6,196
2020-08-17,Monday,6,8,9,0,1,6,3,7,197
2020-08-18,Tuesday,1,4,6,3,7,9,1,9,198
2020-08-19,Wednesday,1,2,3,3,5,7,6,5,199
2020-08-20,Thursday,1,5,6,5,7,8,2,0,200
2020-08-21,Friday,2,7,8,6,7,8,7,1,201
2020-08-22,Saturday,3,5,8,3,4,8,6,5,202
2020-08-24,Monday,0,6,7,6,7,9,3,2,203
2020-08-25,Tuesday,1,3,7,6,8,9,1,3,204
2020-08-26,Wednesday,0,2,9,3,4,5,1,2,205
2020-08-27,Thursday,5,8,9,5,7,8,2,0,206
2020-08-28,Friday,6,7,9,6,8,9,2,3,207
2020-08-29,Saturday,0,4,9,0,2,5,3,7,208
2020-08-31,Monday,2,8,9,1,2,6,9,9,209
2020-09-01,Tuesday,0,3,7,1,8,9,0,8,210
2020-09-02,Wednesday,1,5,6,5,6,7,2,8,211
2020-09-03,Thursday,1,5,8,0,8,9,4,7,212
2020-09-04,Friday,1,6,7,4,7,8,4,9,213
2020-09-05,Saturday,1,7,8,3,6,8,6,7,214
2020-09-07,Monday,1,7,8,1,3,8,6,2,215
2020-09-08,Tuesday,0,3,8,2,5,8,1,5,216
2020-09-09,Wednesday,4,5,7,1,8,9,6,8,217
2020-09-10,Thursday,1,2,8,2,4,9,1,5,218
2020-09-11,Friday,1,6,8,3,8,9,5,0,219
2020-09-12,Saturday,0,5,6,0,1,3,1,4,220
2020-09-14,Monday,1,2,3,3,6,9,6,8,221
2020-09-15,Tuesday,2,4,6,0,2,5,2,7,222
2020-09-16,Wednesday,2,3,4,2,3,4,9,9,223
2020-09-17,Thursday,1,3,4,0,7,8,8,5,224
2020-09-18,Friday,3,8,9,0,3,9,0,2,225
2020-09-19,Saturday,1,4,5,1,5,9,0,5,226
2020-09-21,Monday,1,8,9,5,8,9,8,2,227
2020-09-22,Tuesday,4,5,9,2,5,8,8,5,228
2020-09-23,Wednesday,4,8,9,1,6,7,1,4,229
2020-09-24,Thursday,0,2,8,2,6,9,0,7,230
2020-09-25,Friday,1,4,7,0,2,5,2,7,231
2020-09-26,Saturday,4,5,8,2,3,7,7,2,232
2020-09-28,Monday,1,2,8,1,4,5,1,0,233
2020-09-29,Tuesday,1,7,8,0,5,7,6,2,234
2020-09-30,Wednesday,2,5,8,4,7,9,5,0,235
2020-10-01,Thursday,0,3,7,0,1,5,0,6,236
2020-10-02,Friday,1,4,6,2,6,7,1,5,237
2020-10-03,Saturday,3,4,8,0,2,3,5,5,238
2020-10-05,Monday,0,1,8,7,8,9,9,4,239
2020-10-06,Tuesday,3,5,7,5,7,8,5,0,240
2020-10-07,Wednesday,0,8,9,7,8,9,7,4,241
2020-10-08,Thursday,0,5,7,0,3,8,2,1,242
2020-10-09,Friday,4,7,8,1,4,9,9,4,243
2020-10-10,Saturday,3,4,7,5,7,8,4,0,244
2020-10-12,Monday,0,5,7,2,3,6,2,1,245
2020-10-13,Tuesday,0,5,6,0,2,3,1,5,246
2020-10-14,Wednesday,2,5,8,4,5,9,5,8,247
2020-10-15,Thursday,2,5,8,5,6,8,5,9,248
2020-10-16,Friday,2,5,6,1,2,3,3,6,249
2020-10-17,Saturday,0,4,9,0,2,9,3,1,250
2020-10-19,Monday,1,3,6,0,1,2,0,3,251
2020-10-20,Tuesday,3,4,8,1,4,6,5,1,252
2020-10-21,Wednesday,1,4,5,3,4,8,0,5,253
2020-10-22,Thursday,3,5,9,1,6,8,7,5,254
2020-10-23,Friday,5,7,9,4,7,8,1,9,255
2020-10-24,Saturday,0,5,8,1,3,5,3,9,256
2020-10-26,Monday,4,5,7,3,8,9,6,0,257
2020-10-27,Tuesday,0,3,4,1,6,7,7,4,258
2020-10-28,Wednesday,6,8,9,6,7,8,3,1,259
2020-10-29,Thursday,0,1,4,2,5,8,5,5,260
2020-10-30,Friday,2,6,8,6,7,9,6,2,261
2020-10-31,Saturday,4,5,9,3,4,6,8,3,262
2020-11-02,Monday,0,1,4,0,3,8,5,1,263
2020-11-03,Tuesday,0,4,9,3,5,6,3,4,264
2020-11-04,Wednesday,0,6,7,1,2,7,3,0,265
2020-11-05,Thursday,2,6,7,3,4,8,5,5,266
2020-11-06,Friday,5,7,9,2,4,5,1,1,267
2020-11-07,Saturday,2,7,9,0,3,6,8,9,268
2020-11-09,Monday,0,4,8,3,4,6,2,3,269
2020-11-10,Tuesday,1,3,6,3,7,8,0,8,270
2020-11-11,Wednesday,0,4,8,3,4,7,2,4,271
2020-11-12,Thursday,0,1,8,3,8,9,9,0,272
2020-11-13,Friday,2,5,7,1,5,7,4,3,273
2020-11-14,Saturday,2,5,7,2,5,8,4,5,274
2020-11-16,Monday,2,3,5,3,8,9,0,0,275
2020-11-17,Tuesday,1,3,8,1,5,8,2,4,276
2020-11-18,Wednesday,2,7,9,0,4,7,8,1,277
2020-11-19,Thursday,0,3,4,3,6,8,7,7,278
2020-11-20,Friday,3,5,9,2,3,7,7,2,279
2020-11-21,Saturday,2,3,9,2,3,7,4,2,280
2020-11-23,Monday,0,1,5,1,2,7,6,0,281
2020-11-24,Tuesday,1,4,7,3,6,7,2,6,282
2020-11-25,Wednesday,0,4,5,2,6,8,9,6,283
2020-11-26,Thursday,6,8,9,0,1,4,3,5,284
2020-11-27,Friday,2,4,5,2,4,9,1,5,285
2020-11-28,Saturday,1,5,7,0,2,7,3,9,286
2020-11-30,Monday,5,7,8,1,3,8,0,2,287
2020-12-01,Tuesday,4,5,8,3,4,9,7,6,288
2020-12-02,Wednesday,7,8,9,0,2,8,4,0,289
2020-12-03,Thursday,0,2,6,1,2,3,8,6,290
2020-12-04,Friday,2,6,9,0,2,3,7,5,291
2020-12-05,Saturday,0,1,4,1,3,5,5,9,292
2020-12-07,Monday,0,1,6,2,4,7,7,3,293
2020-12-08,Tuesday,0,3,7,0,5,9,0,4,294
2020-12-09,Wednesday,0,3,4,0,7,8,7,5,295
2020-12-10,Thursday,1,4,9,0,7,8,4,5,296
2020-12-11,Friday,3,4,6,4,8,9,3,1,297
2020-12-12,Saturday,6,7,8,6,7,8,1,1,298
2020-12-14,Monday,4,6,9,2,6,8,9,6,299
2020-12-15,Tuesday,1,3,5,2,3,5,9,0,300
2020-12-16,Wednesday,1,2,8,0,5,9,1,4,301
2020-12-17,Thursday,0,2,6,0,5,6,8,1,302
2020-12-18,Friday,2,5,9,0,3,4,6,7,303
2020-12-19,Saturday,0,6,7,3,4,5,3,2,304
2020-12-21,Monday,2,6,8,2,5,9,6,6,305
2020-12-22,Tuesday,2,5,7,4,5,9,4,8,306
2020-12-23,Wednesday,1,3,6,1,2,9,0,2,307
2020-12-24,Thursday,0,1,6,2,3,6,7,1,308
2020-12-25,Friday,1,4,5,2,5,8,0,5,309
2020-12-26,Saturday,2,6,8,1,2,9,6,2,310
2020-12-28,Monday,3,4,7,3,7,9,4,9,311
2020-12-29,Tuesday,2,3,7,1,8,9,2,8,312
2020-12-30,Wednesday,1,2,8,4,6,7,1,7,313
2020-12-31,Thursday,1,4,6,1,3,5,1,9,314
2021-01-01,Friday,0,2,3,1,3,8,5,2,315
2021-01-02,Saturday,6,8,9,0,6,8,3,4,316
2021-01-04,Monday,2,6,9,0,4,8,7,2,317
2021-01-05,Tuesday,5,6,8,0,4,6,9,0,318
2021-01-06,Wednesday,1,3,8,2,3,4,2,9,319
2021-01-07,Thursday,0,5,8,0,6,7,3,3,320
2021-01-08,Friday,2,4,7,2,5,8,3,5,321
2021-01-09,Saturday,2,8,9,2,3,6,9,1,322
2021-01-11,Monday,0,5,9,4,5,8,4,7,323
2021-01-12,Tuesday,0,2,7,6,8,9,9,3,324
2021-01-13,Wednesday,0,2,5,2,5,8,7,5,325
2021-01-14,Thursday,1,2,3,1,3,8,6,2,326
2021-01-15,Friday,2,3,7,0,1,3,2,4,327
2021-01-16,Saturday,0,6,8,0,2,5,4,7,328
2021-01-18,Monday,5,7,8,1,5,7,0,3,329
2021-01-19,Tuesday,1,3,5,5,8,9,9,2,330
2021-01-20,Wednesday,1,4,8,3,4,9,3,6,331
2021-01-21,Thursday,4,5,8,3,6,9,7,8,332
2021-01-22,Friday,2,3,7,0,2,4,2,6,333
2021-01-23,Saturday,0,4,8,1,5,6,2,2,334
2021-01-25,Monday,1,4,7,4,6,9,2,9,335
2021-01-26,Tuesday,0,3,7,2,4,7,0,3,336
2021-01-27,Wednesday,2,3,6,4,7,9,1,0,337
2021-01-28,Thursday,2,4,8,3,6,8,4,7,338
2021-01-29,Friday,0,6,9,0,3,9,5,2,339
2021-01-30,Saturday,0,1,2,2,6,8,3,6,340
2021-02-01,Monday,0,2,8,1,4,7,0,2,341
2021-02-02,Tuesday,2,5,8,0,2,8,5,0,342
2021-02-03,Wednesday,0,8,9,4,7,8,7,9,343
2021-02-04,Thursday,2,4,6,0,2,8,2,0,344
2021-02-05,Friday,4,5,7,0,5,8,6,3,345
2021-02-06,Saturday,1,6,8,0,2,8,5,0,346
2021-02-08,Monday,5,7,8,0,4,5,0,9,347
2021-02-09,Tuesday,3,4,6,2,6,7,3,5,348
2021-02-10,Wednesday,2,3,8,4,5,7,3,6,349
2021-02-11,Thursday,2,4,5,2,4,5,1,1,350
2021-02-12,Friday,4,6,9,0,2,8,9,0,351
2021-02-13,Saturday,0,2,4,0,1,2,6,3,352
2021-02-15,Monday,6,7,9,0,1,6,2,7,353
2021-02-16,Tuesday,1,2,7,0,5,7,0,2,354
2021-02-17,Wednesday,1,5,8,1,5,8,4,4,355
2021-02-18,Thursday,2,3,7,1,5,9,2,5,356
2021-02-19,Friday,4,8,9,2,5,7,1,4,357
2021-02-20,Saturday,1,6,8,0,4,7,5,1,358
2021-02-22,Monday,0,2,6,0,4,8,8,2,359
2021-02-23,Tuesday,0,1,4,0,4,8,5,2,360
2021-02-24,Wednesday,1,5,9,1,4,6,5,1,361
2021-02-25,Thursday,1,2,3,1,4,6,6,1,362
2021-02-26,Friday,0,7,9,1,6,7,6,4,363
2021-02-27,Saturday,1,4,7,0,3,6,2,9,364
2021-03-01,Monday,4,6,8,3,4,5,8,2,365
2021-03-02,Tuesday,1,2,6,4,6,7,9,7,366
2021-03-03,Wednesday,0,5,9,0,6,9,4,5,367
2021-03-04,Thursday,2,7,8,0,4,7,7,1,368
2021-03-05,Friday,3,7,8,0,6,7,8,3,369
2021-03-06,Saturday,2,5,6,1,2,7,3,0,370
2021-03-08,Monday,0,2,5,2,7,9,7,8,371
2021-03-09,Tuesday,4,5,7,2,4,7,6,3,372
2021-03-10,Wednesday,0,1,7,3,7,9,8,9,373
2021-03-11,Thursday,0,3,7,1,6,8,0,5,374
2021-03-12,Friday,0,4,8,1,5,8,2,4,375
2021-03-13,Saturday,2,3,9,5,6,8,4,9,376
2021-03-15,Monday,2,5,6,1,7,9,3,7,377
2021-03-16,Tuesday,4,5,9,3,5,6,8,4,378
2021-03-17,Wednesday,0,2,9,3,7,8,1,8,379
2021-03-18,Thursday,1,6,7,0,4,8,4,2,380
2021-03-19,Friday,5,6,9,0,3,5,0,8,381
2021-03-20,Saturday,1,4,8,2,3,7,3,2,382
2021-03-22,Monday,0,1,3,3,5,9,4,7,383
2021-03-23,Tuesday,0,3,4,1,7,9,7,7,384
2021-03-24,Wednesday,1,3,5,2,7,9,9,8,385
2021-03-25,Thursday,0,1,3,1,5,9,4,5,386
2021-03-26,Friday,1,5,6,3,6,7,2,6,387
2021-03-27,Saturday,3,4,9,2,3,8,6,3,388
2021-03-29,Monday,3,6,8,5,6,8,7,9,389
2021-03-30,Tuesday,2,5,9,0,1,5,6,6,390
2021-03-31,Wednesday,0,5,8,1,3,6,3,0,391
2021-04-01,Thursday,0,2,5,0,2,9,7,1,392
2021-04-02,Friday,2,5,7,0,5,7,4,2,393
2021-04-03,Saturday,0,6,7,1,4,8,3,3,394
2021-04-05,Monday,3,4,7,1,4,7,4,2,395
2021-04-06,Tuesday,6,7,9,2,7,8,2,7,396
2021-04-07,Wednesday,4,5,9,0,6,7,8,3,397
2021-04-08,Thursday,1,3,9,1,3,6,3,0,398
2021-04-09,Friday,3,5,9,1,5,8,7,4,399
2021-04-10,Saturday,0,4,7,2,8,9,1,9,400
2021-04-12,Monday,7,8,9,2,5,8,4,5,401
2021-04-13,Tuesday,2,3,7,2,8,9,2,9,402
2021-04-14,Wednesday,1,6,9,2,4,5,6,1,403
2021-04-15,Thursday,1,2,7,2,3,6,0,1,404
2021-04-16,Friday,0,4,9,2,4,8,3,4,405
2021-04-17,Saturday,4,5,9,2,3,5,8,0,406
2021-04-19,Monday,3,4,8,0,4,8,5,2,407
2021-04-20,Tuesday,2,4,6,0,5,9,2,4,408
2021-04-21,Wednesday,1,8,9,4,7,8,8,9,409
2021-04-22,Thursday,6,7,8,3,4,7,1,4,410
2021-04-23,Friday,1,4,9,2,7,9,4,8,411
2021-04-24,Saturday,0,5,6,4,7,8,1,9,412
2021-04-26,Monday,0,2,5,3,5,8,7,6,413
2021-04-27,Tuesday,2,4,8,3,6,7,4,6,414
2021-04-28,Wednesday,4,5,7,2,3,9,6,4,415
2021-04-29,Thursday,3,5,7,0,3,5,5,8,416
2021-04-30,Friday,0,2,9,4,5,8,1,7,417
2021-05-01,Saturday,4,5,9,4,7,9,8,0,418
2021-05-03,Monday,1,2,3,2,4,9,6,5,419
2021-05-04,Tuesday,0,3,6,2,5,6,9,3,420
2021-05-05,Wednesday,5,7,9,0,7,9,1,6,421
2021-05-06,Thursday,3,5,6,1,4,7,4,2,422
2021-05-07,Friday,0,1,9,2,4,7,0,3,423
2021-05-08,Saturday,4,8,9,5,7,9,1,1,424
2021-05-10,Monday,2,4,8,2,4,8,4,4,425
2021-05-11,Tuesday,2,5,7,0,4,5,4,9,426
2021-05-12,Wednesday,0,4,6,0,1,9,0,0,427
2021-05-13,Thursday,0,3,8,3,5,7,1,5,428
2021-05-14,Friday,5,6,8,0,4,8,9,2,429
2021-05-15,Saturday,1,3,4,2,6,7,8,5,430
2021-05-17,Monday,6,7,9,4,5,6,2,5,431
2021-05-18,Tuesday,2,5,6,0,2,6,3,8,432
2021-05-19,Wednesday,2,4,9,0,2,7,5,9,433
2021-05-20,Thursday,0,6,8,4,5,9,4,8,434
2021-05-21,Friday,2,4,7,2,7,9,3,8,435
2021-05-22,Saturday,6,8,9,2,6,9,3,7,436
2021-05-24,Monday,4,7,8,4,5,9,9,8,437
2021-05-25,Tuesday,1,7,8,2,3,6,6,1,438
2021-05-26,Wednesday,0,3,4,0,6,7,7,3,439
2021-05-27,Thursday,1,2,4,5,6,8,7,9,440
2021-05-28,Friday,0,5,9,1,2,3,4,6,441
2021-05-29,Saturday,0,1,3,0,2,5,4,7,442
2021-05-31,Monday,0,1,2,0,2,5,3,7,443
2021-06-01,Tuesday,1,2,6,0,1,3,9,4,444
2021-06-02,Wednesday,2,4,8,6,8,9,4,3,445
2021-06-03,Thursday,4,7,9,5,7,8,0,0,446
2021-06-04,Friday,3,4,8,1,4,8,5,3,447
2021-06-05,Saturday,3,8,9,5,6,9,0,0,448
2021-06-07,Monday,4,8,9,5,7,9,1,1,449
2021-06-08,Tuesday,2,5,7,0,8,9,4,7,450
2021-06-09,Wednesday,0,5,9,0,2,3,4,5,451
2021-06-10,Thursday,1,5,8,2,3,5,4,0,452
2021-06-11,Friday,0,4,8,1,6,9,2,6,453
2021-06-12,Saturday,3,4,8,1,2,4,5,7,454
2021-06-14,Monday,3,7,8,1,3,8,8,2,455
2021-06-15,Tuesday,2,5,9,1,3,8,6,2,456
2021-06-16,Wednesday,0,3,7,4,5,9,0,8,457
2021-06-17,Thursday,3,7,8,0,1,2,8,3,458
2021-06-18,Friday,0,8,9,3,7,9,7,9,459
2021-06-19,Saturday,0,1,9,2,5,9,0,6,460
2021-06-21,Monday,0,4,9,4,7,9,3,0,461
2021-06-22,Tuesday,1,3,6,2,4,8,0,4,462
2021-06-23,Wednesday,0,1,9,0,2,5,0,7,463
2021-06-24,Thursday,0,2,4,0,1,5,6,6,464
2021-06-25,Friday,0,3,6,0,3,7,9,0,465
2021-06-26,Saturday,1,5,6,2,4,5,2,1,466
2021-06-28,Monday,0,1,5,1,5,9,6,5,467
2021-06-29,Tuesday,0,1,5,4,6,9,6,9,468
2021-06-30,Wednesday,0,4,6,0,5,7,0,2,469
2021-07-01,Thursday,1,2,3,1,3,7,6,1,470
2021-07-02,Friday,0,2,8,2,4,7,0,3,471
2021-07-03,Saturday,3,5,7,4,6,7,5,7,472
2021-07-05,Monday,5,6,8,0,3,9,9,2,473
2021-07-06,Tuesday,3,4,7,0,1,2,4,3,474
2021-07-07,Wednesday,0,3,5,5,7,8,8,0,475
2021-07-08,Thursday,0,1,4,3,7,8,5,8,476
2021-07-09,Friday,0,4,6,1,4,7,0,2,477
2021-07-10,Saturday,4,6,8,0,6,7,8,3,478
2021-07-12,Monday,1,7,9,0,2,7,7,9,479
2021-07-13,Tuesday,1,5,6,1,3,7,2,1,480
2021-07-14,Wednesday,0,1,6,2,3,6,7,1,481
2021-07-15,Thursday,1,2,6,1,2,3,9,6,482
2021-07-16,Friday,1,6,9,5,8,9,6,2,483
2021-07-17,Saturday,3,5,6,0,3,9,4,2,484
2021-07-19,Monday,0,2,7,1,5,9,9,5,485
2021-07-20,Tuesday,1,4,7,5,8,9,2,2,486
2021-07-21,Wednesday,3,4,8,1,5,7,5,3,487
2021-07-22,Thursday,3,4,7,4,7,8,4,9,488
2021-07-23,Friday,0,2,4,1,4,8,6,3,489
2021-07-24,Saturday,1,3,6,0,2,5,0,7,490
2021-07-26,Monday,0,2,6,7,8,9,8,4,491
2021-07-27,Tuesday,6,7,8,4,7,9,1,0,492
2021-07-28,Wednesday,0,6,9,2,3,5,5,0,493
2021-07-29,Thursday,2,8,9,0,2,6,9,8,494
2021-07-30,Friday,1,7,9,0,3,7,7,0,495
2021-07-31,Saturday,1,2,6,2,3,7,9,2,496
2021-08-02,Monday,5,6,7,4,6,9,8,9,497
2021-08-03,Tuesday,3,4,8,0,2,3,5,5,498
2021-08-04,Wednesday,3,6,9,0,6,9,8,5,499
2021-08-05,Thursday,6,8,9,0,1,6,3,7,500
2021-08-06,Friday,4,5,8,0,3,9,7,2,501
2021-08-07,Saturday,4,7,9,0,2,5,0,7,502
2021-08-09,Monday,1,2,7,2,6,9,0,7,503
2021-08-10,Tuesday,2,3,4,4,6,9,9,9,504
2021-08-11,Wednesday,0,3,4,3,8,9,7,0,505
2021-08-12,Thursday,5,7,8,0,3,6,0,9,506
2021-08-13,Friday,3,4,8,1,6,8,5,5,507
2021-08-14,Saturday,0,3,5,4,6,8,8,8,508
2021-08-16,Monday,3,6,8,3,8,9,7,0,509
2021-08-17,Tuesday,2,3,8,1,2,4,3,7,510
2021-08-18,Wednesday,0,4,9,1,3,7,3,1,511
2021-08-19,Thursday,3,8,9,3,4,9,0,6,512
2021-08-20,Friday,0,1,2,2,4,9,3,5,513
2021-08-21,Saturday,1,3,4,0,5,6,8,1,514
2023-01-02,Mon,3,8,9,5,6,9,0,0,515
2023-01-03,Tue,2,6,9,0,1,9,7,0,516
2023-01-04,Wed,0,4,6,0,8,9,0,7,517
2023-01-05,Thu,3,5,9,0,7,8,7,5,518
2023-01-06,Fri,0,5,7,1,2,6,2,9,519
2023-01-07,Sat,3,7,8,1,3,6,8,0,520
2023-01-08,Sun,2,6,7,1,6,9,5,6,521
2023-01-09,Mon,3,6,9,0,2,5,8,7,522
2023-01-10,Tue,3,6,6,1,2,8,5,1,523
2023-01-11,Wed,1,4,7,5,6,7,2,8,524
2023-01-12,Thu,2,8,9,6,7,8,9,1,525
2023-01-13,Fri,0,5,9,1,6,7,4,4,526
2023-01-14,Sat,2,7,8,6,8,9,7,3,527
2023-01-15,Sun,4,7,9,1,5,8,0,4,528
2023-01-16,Mon,0,1,7,0,1,3,8,4,529
2023-01-17,Tue,3,6,8,0,3,8,7,1,530
2023-01-18,Wed,1,6,8,0,2,5,5,7,531
2023-01-19,Thu,0,5,7,2,3,6,2,1,532
2023-01-20,Fri,4,5,9,3,6,7,8,6,533
2023-01-21,Sat,3,4,5,1,6,9,2,6,534
2023-01-22,Sun,5,7,9,1,4,9,1,4,535
2023-01-23,Mon,0,2,5,4,5,7,7,6,536
2023-01-24,Tue,0,6,7,5,6,8,3,9,537
2023-01-25,Wed,5,6,7,0,2,8,8,0,538
2023-01-26,Thu,0,4,6,2,3,4,0,9,539
2023-01-27,Fri,4,5,9,0,0,4,8,4,540
2023-01-28,Sat,1,5,8,5,6,7,4,8,541
2023-01-29,Sun,0,2,6,4,7,9,8,0,542
2023-01-30,Mon,7,8,9,2,5,6,4,3,543
2023-01-31,Tue,4,6,9,3,7,9,9,9,544
2023-02-01,Wed,4,5,9,0,5,6,8,1,545
2023-02-02,Thu,5,8,9,2,3,6,2,1,546
2023-02-03,Fri,0,4,6,7,8,9,0,4,547
2023-02-04,Sat,2,7,9,0,4,7,8,1,548
2023-02-05,Sun,2,5,9,0,6,7,6,3,549
2023-02-06,Mon,0,2,7,3,5,7,9,5,550
2023-02-07,Tue,2,9,9,0,4,7,0,1,551
2023-02-08,Wed,1,3,5,0,3,8,9,1,552
2023-02-09,Thu,6,8,9,4,7,9,3,0,553
2023-02-10,Fri,1,3,7,0,6,9,1,5,554
2023-02-11,Sat,3,6,7,0,1,9,6,0,555
2023-02-12,Sun,4,7,9,0,1,3,0,4,556
2023-02-13,Mon,7,8,8,0,1,9,3,0,557
2023-02-14,Tue,4,5,7,2,3,6,6,1,558
2023-02-15,Wed,3,3,5,5,7,9,1,1,559
2023-02-16,Thu,0,2,7,0,4,9,9,3,560
2023-02-17,Fri,5,6,7,2,4,5,8,1,561
2023-02-18,Sat,0,5,8,0,4,8,3,2,562
2023-02-19,Sun,3,7,8,2,2,5,8,9,563
2023-02-20,Mon,2,3,5,0,1,8,0,9,564
2023-02-21,Tue,5,7,8,1,4,7,0,2,565
2023-02-22,Wed,3,5,6,1,2,6,4,9,566
2023-02-23,Thu,4,5,9,1,7,8,8,6,567
2023-02-24,Fri,3,8,9,2,4,6,0,2,568
2023-02-25,Sat,1,4,9,1,4,7,4,2,569
2023-02-26,Sun,0,5,7,0,4,6,2,0,570
2023-02-27,Mon,5,7,9,0,3,9,1,2,571
2023-02-28,Tue,3,7,8,0,7,9,8,6,572
2023-03-01,Wed,7,9,9,6,7,9,5,2,573
2023-03-02,Thu,5,6,9,2,7,9,0,8,574
2023-03-03,Fri,1,3,4,1,2,9,8,2,575
2023-03-04,Sat,3,4,8,0,9,9,5,8,576
2023-03-05,Sun,1,4,5,2,6,8,0,6,577
2023-03-06,Mon,1,2,9,6,7,7,2,0,578
2023-03-07,Tue,2,6,8,0,4,6,6,0,579
2023-03-09,Thu,6,7,8,8,9,9,1,6,580
2023-03-10,Fri,0,1,5,5,7,8,6,0,581
2023-03-11,Sat,0,2,9,2,5,6,1,3,582
2023-03-12,Sun,5,6,8,0,1,8,9,9,583
2023-03-13,Mon,3,6,9,1,5,6,8,2,584
2023-03-14,Tue,0,6,7,1,3,5,3,9,585
2023-03-15,Wed,5,7,8,0,2,6,0,8,586
2023-03-16,Thu,7,8,9,2,7,9,4,8,587
2023-03-17,Fri,0,7,9,3,8,9,6,0,588
2023-03-18,Sat,4,7,9,3,6,8,0,7,589
2023-03-19,Sun,4,6,8,1,4,7,8,2,590
2023-03-20,Mon,0,5,6,4,6,8,1,8,591
2023-03-21,Tue,5,8,9,2,3,7,2,2,592
2023-03-22,Wed,6,7,9,1,5,7,2,3,593
2023-03-23,Thu,8,9,9,4,5,7,6,6,594
2023-03-24,Fri,3,5,8,1,5,7,6,3,595
2023-03-25,Sat,4,7,9,0,2,6,0,8,596
2023-03-26,Sun,0,3,5,3,5,6,8,4,597
2023-03-27,Mon,0,4,6,4,7,8,0,9,598
2023-03-28,Tue,3,4,8,3,5,7,5,5,599
2023-03-29,Wed,1,5,8,0,3,7,4,0,600
2023-03-30,Thu,0,7,8,4,6,9,5,9,601
2023-03-31,Fri,1,1,9,3,5,7,1,5,602
2023-04-01,Sat,1,6,8,5,8,8,5,1,603
2023-04-02,Sun,1,3,7,0,4,8,1,2,604
2023-04-03,Mon,2,9,9,1,6,8,0,5,605
2023-04-04,Tue,2,4,6,1,3,9,2,3,606
2023-04-05,Wed,3,5,6,0,1,6,4,7,607
2023-04-06,Thu,1,3,6,4,5,8,0,7,608
2023-04-07,Fri,0,4,9,1,8,9,3,8,609
2023-04-08,Sat,1,6,7,0,5,8,4,3,610
2023-04-09,Sun,1,3,8,3,5,7,2,5,611
2023-04-10,Mon,0,4,9,2,7,8,3,7,612
2023-04-11,Tue,2,5,6,1,6,8,3,5,613
2023-04-12,Wed,0,5,7,3,4,8,2,5,614
2023-04-13,Thu,2,5,6,6,8,9,3,3,615
2023-04-14,Fri,0,5,5,3,9,9,0,1,616
2023-04-15,Sat,3,4,8,1,4,6,5,1,617
2023-04-16,Sun,0,2,7,1,3,8,9,2,618
2023-04-17,Mon,2,5,7,2,3,7,4,2,619
2023-04-18,Tue,0,3,6,1,7,8,9,6,620
2023-04-19,Wed,1,4,6,2,8,8,1,8,621
2023-04-20,Thu,2,2,6,3,5,8,0,6,622
2023-04-21,Fri,0,0,8,4,8,9,8,1,623
2023-04-22,Sat,6,7,9,4,6,7,2,7,624
2023-04-23,Sun,1,7,8,0,4,8,6,2,625
2023-04-24,Mon,1,1,3,0,3,5,5,8,626
2023-04-25,Tue,0,2,6,2,6,7,8,5,627
2023-04-26,Wed,3,5,6,4,7,9,4,0,628
2023-04-27,Thu,4,7,8,1,3,7,9,1,629
2023-04-28,Fri,1,4,9,1,2,5,4,8,630
2023-04-29,Sat,0,5,5,0,1,4,0,5,631
2023-04-30,Sun,3,5,8,3,4,7,6,4,632
2023-05-01,Mon,4,5,9,4,7,9,8,0,633
2023-05-02,Tue,4,5,7,2,5,6,6,3,634
2023-05-03,Wed,2,3,7,2,8,9,2,9,635
2023-05-04,Thu,1,5,7,1,6,7,3,4,636
2023-05-05,Fri,1,3,7,2,4,7,1,3,637
2023-05-06,Sat,3,5,7,0,1,8,5,9,638
2023-05-07,Sun,3,7,8,3,4,5,8,2,639
2023-05-08,Mon,5,7,9,0,4,6,1,0,640
2023-05-09,Tue,2,3,4,5,6,7,9,8,641
2023-05-10,Wed,3,5,7,4,6,7,5,7,642
2023-05-11,Thu,2,4,7,2,4,8,3,4,643
2023-05-12,Fri,1,7,9,0,2,5,7,7,644
2023-05-13,Sat,2,6,8,5,6,8,6,9,645
2023-05-14,Sun,6,7,8,5,7,9,1,1,646
2023-05-15,Mon,3,7,8,1,3,5,8,9,647
2023-05-16,Tue,1,7,8,0,1,4,6,5,648
2023-05-17,Wed,2,4,4,3,6,8,0,7,649
2023-05-18,Thu,0,2,8,1,6,7,0,4,650
2023-05-19,Fri,4,5,8,0,0,6,7,6,651
2023-05-20,Sat,6,6,9,1,3,8,1,2,652
2023-05-21,Sun,2,4,9,2,5,7,5,4,653
2023-05-22,Mon,0,1,7,3,8,9,8,0,654
2023-05-23,Tue,5,7,9,0,4,7,1,1,655
2023-05-24,Wed,0,1,5,0,1,9,6,0,656
2023-05-25,Thu,2,7,9,1,4,9,8,4,657
2023-05-26,Fri,1,2,6,3,6,9,9,8,658
2023-05-27,Sat,1,3,3,0,2,7,7,9,659
2023-05-28,Sun,5,6,7,2,7,9,8,8,660
2023-05-29,Mon,1,3,8,2,3,4,2,9,661
2023-05-30,Tue,1,5,8,4,6,7,4,7,662
2023-05-31,Wed,1,7,9,0,4,7,7,1,663
2023-06-01,Thu,0,0,3,4,5,7,3,6,664
2023-06-02,Fri,2,5,7,2,4,7,4,3,665
2023-06-03,Sat,2,3,6,1,2,7,1,0,666
2023-06-04,Sun,5,7,8,1,3,5,0,9,667
2023-06-05,Mon,3,6,9,2,5,9,8,6,668
2023-06-06,Tue,1,2,6,4,6,9,9,9,669
2023-06-07,Wed,2,5,6,1,1,9,3,1,670
2023-06-08,Thu,2,8,9,1,5,9,9,5,671
2023-06-09,Fri,0,4,9,0,4,8,3,2,672
2023-06-10,Sat,0,6,6,0,3,7,2,0,673
2023-06-11,Sun,5,5,7,5,8,8,7,1,674
2023-06-12,Mon,1,6,7,2,4,6,4,2,675
2023-06-13,Tue,0,1,5,1,3,5,6,9,676
2023-06-14,Wed,2,4,8,1,2,3,4,6,677
2023-06-15,Thu,0,4,9,4,5,7,3,6,678
2023-06-16,Fri,2,3,4,0,4,8,9,2,679
2023-06-17,Sat,0,2,3,2,8,9,5,9,680
2023-06-18,Sun,8,8,9,2,3,6,5,1,681
2023-06-19,Mon,0,3,4,2,4,6,7,2,682
2023-06-20,Tue,4,6,8,4,5,8,8,7,683
2023-06-21,Wed,7,8,8,0,3,6,3,9,684
2023-06-22,Thu,1,2,6,3,7,9,9,9,685
2023-06-23,Fri,3,6,8,1,3,9,7,3,686
2023-06-24,Sat,1,7,8,0,2,6,6,8,687
2023-06-25,Sun,0,5,9,3,7,9,4,9,688
2023-06-26,Mon,3,4,6,0,1,8,3,9,689
2023-06-27,Tue,4,7,8,3,5,7,9,5,690
2023-06-28,Wed,2,6,8,0,2,8,6,0,691
2023-06-29,Thu,1,7,9,2,6,9,7,7,692
2023-06-30,Fri,1,4,5,4,5,8,0,7,693
2023-07-01,Sat,2,3,5,0,4,9,0,3,694
2023-07-02,Sun,2,8,9,3,3,5,9,1,695
2023-07-03,Mon,3,7,8,0,5,5,8,0,696
2023-07-04,Tue,4,5,8,5,5,6,7,6,697
2023-07-05,Wed,1,5,7,2,8,9,3,9,698
2023-07-06,Thu,4,4,6,1,4,7,4,2,699
2023-07-07,Fri,2,5,9,4,7,9,6,0,700
2023-07-08,Sat,3,5,5,5,7,8,3,0,701
2023-07-09,Sun,0,8,9,1,2,8,7,1,702
2023-07-10,Mon,0,3,5,2,4,5,8,1,703
2023-07-11,Tue,3,4,6,4,8,9,3,1,704
2023-07-12,Wed,5,7,9,3,5,6,1,4,705
2023-07-13,Thu,0,3,5,2,5,7,8,4,706
2023-07-14,Fri,7,8,9,2,5,7,4,4,707
2023-07-15,Sat,2,8,9,0,4,7,9,1,708
2023-07-16,Sun,0,1,3,2,3,8,4,3,709
2023-07-17,Mon,5,8,9,1,2,7,2,0,710
2023-07-18,Tue,5,6,9,4,6,8,0,8,711
2023-07-19,Wed,0,7,9,3,7,9,6,9,712
2023-07-20,Thu,2,7,8,4,5,8,7,7,713
2023-07-21,Fri,5,7,8,4,5,9,0,8,714
2023-07-22,Sat,1,4,7,6,7,8,2,1,715
2023-07-23,Sun,4,7,8,0,3,9,9,2,716
2023-07-24,Mon,0,6,7,0,6,9,3,5,717
2023-07-25,Tue,1,5,5,0,1,8,1,9,718
2023-07-26,Wed,1,6,7,0,8,9,4,7,719
2023-07-27,Thu,6,8,9,4,5,8,3,7,720
2023-07-28,Fri,1,5,9,1,5,6,5,2,721
2023-07-29,Sat,0,1,2,2,5,7,3,4,722
2023-07-30,Sun,1,6,7,4,6,8,4,8,723
2023-07-31,Mon,3,7,8,5,6,8,8,9,724
2023-08-01,Tue,1,2,9,3,4,6,2,3,725
2023-08-02,Wed,4,7,9,4,5,5,0,4,726
2023-08-03,Thu,3,4,7,0,7,8,4,5,727
2023-08-04,Fri,1,4,7,4,7,9,2,0,728
2023-08-05,Sat,0,2,5,4,5,9,7,8,729
2023-08-06,Sun,0,1,4,0,5,6,5,1,730
2023-08-07,Mon,1,9,9,0,5,6,9,1,731
2023-08-08,Tue,3,6,7,3,5,7,6,5,732
2023-08-09,Wed,2,4,7,0,6,9,3,5,733
2023-08-10,Thu,3,6,9,4,8,9,8,1,734
2023-08-11,Fri,3,8,8,0,5,6,9,1,735
2023-08-12,Sat,4,5,8,3,5,9,7,7,736
2023-08-13,Sun,4,4,6,4,5,5,4,4,737
2023-08-14,Mon,2,2,8,1,9,9,2,9,738
2023-08-15,Tue,5,6,7,4,7,9,8,0,739
2023-08-16,Wed,1,2,8,4,5,9,1,8,740
2023-08-17,Thu,2,6,7,2,4,5,5,1,741
2023-08-18,Fri,4,5,5,4,7,9,4,0,742
2023-08-19,Sat,0,2,9,4,6,7,1,7,743
2023-08-20,Sun,1,2,9,0,1,7,2,8,744
2023-08-21,Mon,0,3,7,1,3,6,0,0,745
2023-08-22,Tue,4,6,8,2,3,9,8,4,746
2023-08-23,Wed,0,1,6,1,2,7,7,0,747
2023-08-24,Thu,2,2,9,2,5,7,3,4,748
2023-08-25,Fri,1,4,5,4,6,9,0,9,749
2023-08-26,Sat,0,4,5,3,5,6,9,4,750
2023-08-27,Sun,2,6,8,4,5,7,6,6,751
2023-08-28,Mon,2,3,7,0,1,9,2,0,752
2023-08-29,Tue,2,3,4,3,6,8,9,7,753
2023-08-30,Wed,4,8,9,1,7,9,1,7,754
2023-08-31,Thu,2,5,9,0,1,4,6,5,755
2023-09-01,Fri,1,2,7,3,6,8,0,7,756
2023-09-02,Sat,2,4,7,4,5,7,3,6,757
2023-09-03,Sun,2,4,9,6,8,8,5,2,758
2023-09-04,Mon,4,6,7,2,2,4,7,8,759
2023-09-05,Tue,5,7,8,1,1,6,0,8,760
2023-09-06,Wed,3,4,6,0,3,8,3,1,761
2023-09-07,Thu,0,5,7,5,7,9,2,1,762
2023-09-08,Fri,4,6,9,3,4,6,9,3,763
2023-09-09,Sat,3,7,8,3,8,9,8,0,764
2023-09-10,Sun,0,1,9,1,6,7,0,4,765
2023-09-11,Mon,3,5,8,1,3,8,6,2,766
2023-09-12,Tue,0,1,7,1,2,7,8,0,767
2023-09-13,Wed,1,6,7,3,8,9,4,0,768
2023-09-14,Thu,0,1,6,0,7,9,7,6,769
2023-09-15,Fri,1,6,9,1,1,6,6,8,770
2023-09-16,Sat,0,1,9,0,3,4,0,7,771
2023-09-17,Sun,2,6,9,4,5,7,7,6,772
2023-09-18,Mon,1,2,8,2,4,4,1,0,773
2023-09-19,Tue,1,5,6,1,6,9,2,6,774
2023-09-20,Wed,5,6,8,0,2,9,9,1,775
2023-09-21,Thu,5,6,7,0,6,8,8,4,776
2023-09-22,Fri,2,5,7,2,3,6,4,1,777
2023-09-23,Sat,4,8,9,0,1,3,1,4,778
2023-09-24,Sun,2,3,7,5,8,9,2,2,779
2023-09-25,Mon,0,1,5,2,4,6,6,2,780
2023-09-26,Tue,0,7,7,3,5,7,4,5,781
2023-09-27,Wed,5,7,8,0,1,3,0,4,782
2023-09-28,Thu,1,3,8,5,6,7,2,8,783
2023-09-29,Fri,1,1,5,2,7,9,7,8,784
2023-09-30,Sat,2,4,9,0,6,7,5,3,785
2023-10-01,Sun,1,2,2,1,3,5,5,9,786
2023-10-02,Mon,1,4,5,6,7,8,0,1,787
2023-10-03,Tue,4,7,8,1,4,5,9,0,788
2023-10-04,Wed,4,8,9,0,5,7,1,2,789
2023-10-05,Thu,0,6,7,0,3,9,3,2,790
2023-10-06,Fri,3,4,9,0,4,6,6,0,791
2023-10-07,Sat,1,3,7,1,5,6,1,2,792
2023-10-08,Sun,2,5,6,4,5,8,3,7,793
2023-10-09,Mon,4,6,8,0,8,9,8,7,794
2023-10-10,Tue,3,7,9,3,4,7,9,4,795
2023-10-11,Wed,3,4,8,4,6,8,5,8,796
2023-10-12,Thu,5,8,9,4,6,9,2,9,797
2023-10-13,Fri,2,6,9,3,5,9,7,7,798
2023-10-14,Sat,2,8,9,3,4,6,9,3,799
2023-10-15,Sun,5,7,8,0,4,9,0,3,800
2023-10-16,Mon,0,4,9,0,4,8,3,2,801
2023-10-17,Tue,1,2,5,6,6,9,8,1,802
2023-10-18,Wed,0,3,9,1,2,4,2,7,803
2023-10-19,Thu,3,5,9,6,7,8,7,1,804
2023-10-20,Fri,1,2,5,0,2,9,8,1,805
2023-10-21,Sat,5,7,9,2,7,8,1,7,806
2023-10-22,Sun,0,8,8,2,4,6,6,2,807
2023-10-23,Mon,0,7,9,1,3,5,6,9,808
2023-10-24,Tue,6,8,9,0,6,8,3,4,809
2023-10-25,Wed,4,7,9,2,3,4,0,9,810
2023-10-26,Thu,4,4,7,0,4,4,5,8,811
2023-10-27,Fri,4,5,5,5,7,8,4,0,812
2023-10-28,Sat,5,6,8,2,6,7,9,5,813
2023-10-29,Sun,1,6,7,6,7,9,4,2,814
2023-10-30,Mon,4,5,9,1,2,9,8,2,815
2023-10-31,Tue,0,8,9,0,5,8,7,3,816
2023-11-01,Wed,2,8,9,2,5,6,9,3,817
2023-11-02,Thu,3,5,9,0,7,8,7,5,818
2023-11-03,Fri,0,3,8,4,4,5,1,3,819
2023-11-04,Sat,0,1,2,0,6,7,3,3,820
2023-11-05,Sun,1,4,6,1,3,4,1,8,821
2023-11-06,Mon,0,0,2,1,3,5,2,9,822
2023-11-07,Tue,0,1,5,6,7,7,6,0,823
2023-11-08,Wed,1,2,8,1,3,5,1,9,824
2023-11-09,Thu,3,4,7,0,3,5,4,8,825
2023-11-10,Fri,5,6,7,1,5,6,8,2,826
2023-11-11,Sat,6,7,7,0,6,6,0,2,827
2023-11-13,Mon,1,6,9,1,6,7,6,4,828
2023-11-14,Tue,7,8,9,3,6,8,4,7,829
2023-11-15,Wed,5,6,8,1,5,8,9,4,830
2023-11-16,Thu,0,2,4,2,3,4,6,9,831
2023-11-17,Fri,4,6,7,1,6,7,7,4,832
2023-11-18,Sat,0,3,5,2,9,9,8,0,833
2023-11-19,Sun,3,4,6,3,7,8,3,8,834
2023-11-20,Mon,4,7,8,4,5,8,9,7,835
2023-11-21,Tue,2,7,8,0,2,9,7,1,836
2023-11-22,Wed,2,3,5,4,4,6,0,4,837
2023-11-23,Thu,1,2,4,5,6,8,7,9,838
2023-11-24,Fri,0,5,7,2,3,5,2,0,839
2023-11-25,Sat,0,6,7,1,3,6,3,0,840
2023-11-26,Sun,1,8,9,1,6,8,8,5,841
2023-11-27,Mon,2,3,6,2,5,6,1,3,842
2023-11-28,Tue,3,5,8,4,6,9,6,9,843
2023-11-29,Wed,1,5,5,2,4,5,1,1,844
2023-11-30,Thu,2,2,2,2,5,6,6,3,845
2023-12-01,Fri,1,1,7,0,2,5,9,7,846
2023-12-02,Sat,3,7,7,3,4,9,7,6,847
2023-12-03,Sun,0,3,9,4,6,9,2,9,848
2023-12-04,Mon,0,1,2,5,6,8,3,9,849
2023-12-05,Tue,5,6,9,2,5,9,0,6,850
2023-12-06,Wed,0,5,7,2,4,9,2,5,851
2023-12-07,Thu,3,6,9,1,4,8,8,3,852
2023-12-08,Fri,7,8,9,2,4,5,4,1,853
2023-12-09,Sat,5,6,7,0,3,8,8,1,854
2023-12-10,Sun,0,5,9,5,7,9,4,1,855
2023-12-11,Mon,2,3,7,0,4,6,2,0,856
2023-12-12,Tue,1,4,6,3,5,8,1,6,857
2023-12-13,Wed,1,2,9,2,2,8,2,2,858
2023-12-14,Thu,0,5,8,1,4,6,3,1,859
2023-12-15,Fri,0,6,9,1,3,4,5,8,860
2023-12-16,Sat,0,4,6,1,2,3,0,6,861
2023-12-17,Sun,1,6,7,2,5,8,4,5,862
2023-12-18,Mon,3,7,8,1,3,4,8,8,863
2023-12-19,Tue,0,4,9,0,6,8,3,4,864
2023-12-20,Wed,4,7,9,2,3,7,0,2,865
2023-12-21,Thu,4,5,8,3,5,6,7,4,866
2023-12-22,Fri,3,8,9,3,7,9,0,9,867
2023-12-23,Sat,3,6,8,0,3,6,7,9,868
2023-12-24,Sun,4,6,7,4,5,8,7,7,869
2023-12-25,Mon,3,6,7,0,4,9,6,3,870
2023-12-26,Tue,0,3,6,1,7,8,9,6,871
2023-12-27,Wed,1,6,7,6,7,9,4,2,872
2023-12-28,Thu,3,5,8,0,5,6,6,1,873
2023-12-29,Fri,5,8,9,1,5,7,2,3,874
2023-12-30,Sat,7,8,9,1,5,7,4,3,875
2023-12-31,Sun,3,4,5,0,1,5,2,6,876
2024-01-01,Mon,5,6,9,1,2,9,0,2,877
2024-01-02,Tue,2,5,6,2,2,8,3,2,878
2024-01-03,Wed,4,6,9,0,1,1,9,2,879
2024-01-04,Thu,1,2,7,4,5,7,0,6,880
2024-01-05,Fri,3,5,6,4,8,9,4,1,881
2024-01-06,Sat,5,6,7,3,8,9,8,0,882
2024-01-07,Sun,2,6,9,2,3,9,7,4,883
2024-01-08,Mon,3,7,8,2,7,9,8,8,884
2024-01-09,Tue,0,4,7,3,8,9,1,0,885
2024-01-10,Wed,0,3,3,3,4,8,6,5,886
2024-01-11,Thu,4,6,7,0,5,7,7,2,887
2024-01-12,Fri,0,8,9,2,7,9,7,8,888
2024-01-13,Sat,4,6,8,0,1,9,8,0,889
2024-01-14,Sun,0,0,9,0,5,6,9,1,890
2024-01-15,Mon,1,7,7,4,6,9,5,9,891
2024-01-16,Tue,1,1,8,2,8,9,0,9,892
2024-01-17,Wed,2,2,5,2,7,9,9,8,893
2024-01-18,Thu,0,4,6,3,8,8,0,9,894
2024-01-19,Fri,2,5,6,0,2,7,3,9,895
2024-01-20,Sat,0,3,8,2,3,9,1,4,896
2024-01-21,Sun,0,7,9,3,5,7,6,5,897
2024-01-22,Mon,1,6,8,6,7,9,5,2,898
2024-01-23,Tue,4,5,7,0,2,6,6,8,899
2024-01-24,Wed,0,2,2,3,4,7,4,4,900
2024-01-25,Thu,0,2,8,0,5,6,0,1,901
2024-01-26,Fri,2,6,7,5,6,7,5,8,902
2024-01-27,Sat,2,3,6,5,8,9,1,2,903
2024-01-28,Sun,4,5,9,3,5,6,8,4,904
2024-01-29,Mon,5,6,8,0,7,9,9,6,905
2024-01-30,Tue,1,4,6,2,3,4,1,9,906
2024-01-31,Wed,1,6,9,1,3,8,6,2,907
2024-02-01,Thu,0,7,8,5,6,8,5,9,908
2024-02-02,Fri,1,8,9,1,4,5,8,0,909
2024-02-03,Sat,1,5,9,3,5,9,5,7,910
2024-02-04,Sun,1,2,8,3,5,9,1,7,911
2024-02-05,Mon,4,6,8,3,4,5,8,2,912
2024-02-06,Tue,4,7,8,3,7,9,9,9,913
2024-02-07,Wed,1,8,9,2,4,6,8,2,914
2024-02-08,Thu,4,5,5,5,8,9,4,2,915
2024-02-09,Fri,6,7,9,1,3,4,2,8,916
2024-02-10,Sat,3,3,6,1,1,8,2,0,917
2024-02-11,Sun,4,6,7,4,5,9,7,8,918
2024-02-12,Mon,5,8,9,2,4,5,2,1,919
2024-02-13,Tue,1,6,8,0,5,8,5,3,920
2024-02-14,Wed,1,2,7,1,4,8,0,3,921
2024-02-15,Thu,2,3,3,0,6,7,8,3,922
2024-02-16,Fri,4,5,7,2,6,7,6,5,923
2024-02-17,Sat,0,4,8,6,8,9,2,3,924
2024-02-18,Sun,3,6,9,0,6,7,8,3,925
2024-02-19,Mon,0,6,8,0,2,7,4,9,926
2024-02-20,Tue,3,6,8,2,3,4,7,9,927
2024-02-21,Wed,3,6,8,4,6,7,7,7,928
2024-02-22,Thu,0,4,4,3,5,9,8,7,929
2024-02-23,Fri,1,5,7,0,1,8,3,9,930
2024-02-24,Sat,0,4,6,1,5,9,0,5,931
2024-02-25,Sun,3,5,6,0,3,6,4,9,932
2024-02-26,Mon,1,2,9,5,5,9,2,9,933
2024-02-27,Tue,0,4,5,5,7,8,9,0,934
2024-02-28,Wed,0,2,9,4,6,9,1,9,935
2024-02-29,Thu,2,3,8,1,7,8,3,6,936
2024-03-01,Fri,5,6,8,0,9,9,9,8,937
2024-03-02,Sat,5,7,9,0,4,9,1,3,938
2024-03-03,Sun,0,1,7,5,7,9,8,1,939
2024-03-04,Mon,0,5,6,2,7,8,1,7,940
2024-03-05,Tue,6,8,9,2,3,7,3,2,941
2024-03-06,Wed,1,4,6,0,4,7,1,1,942
2024-03-07,Thu,1,2,4,0,3,5,7,8,943
2024-03-08,Fri,1,2,9,3,4,8,2,5,944
2024-03-09,Sat,4,4,9,0,7,9,7,6,945
2024-03-10,Sun,5,5,8,4,5,8,8,7,946
2024-03-11,Mon,3,6,9,0,6,9,8,5,947
2024-03-12,Tue,0,1,5,4,5,8,6,7,948
2024-03-13,Wed,0,3,7,0,1,9,0,0,949
2024-03-14,Thu,4,5,7,6,7,9,6,2,950
2024-03-15,Fri,0,1,4,0,1,8,5,9,951
2024-03-16,Sat,2,5,6,0,2,9,3,1,952
2024-03-17,Sun,5,6,7,0,3,6,8,9,953
2024-03-18,Mon,1,3,8,3,4,8,2,5,954
2024-03-19,Tue,0,6,7,1,7,8,3,6,955
2024-03-20,Wed,5,6,7,5,7,9,8,1,956
2024-03-21,Thu,1,1,4,5,6,7,6,8,957
2024-03-22,Fri,0,2,7,2,4,9,9,5,958
2024-03-23,Sat,0,2,9,3,7,9,1,9,959
2024-03-24,Sun,5,8,9,0,2,8,2,0,960
2024-03-25,Mon,4,7,8,4,5,9,9,8,961
2024-03-26,Tue,1,5,7,0,5,7,3,2,962
2024-03-27,Wed,4,5,8,6,7,8,7,1,963
2024-03-28,Thu,4,5,7,3,4,9,6,6,964
2024-03-29,Fri,0,0,2,2,6,8,2,6,965
2024-03-30,Sat,4,6,7,2,4,7,7,3,966
2024-03-31,Sun,3,4,9,1,4,9,6,4,967
2024-04-01,Mon,1,4,5,3,5,7,0,5,968
2024-04-02,Tue,2,3,4,3,5,9,9,7,969
2024-04-03,Wed,0,1,9,2,4,8,0,4,970
2024-04-04,Thu,0,1,3,0,6,7,4,3,971
2024-04-05,Fri,4,5,9,1,2,5,8,8,972
2024-04-06,Sat,1,4,5,4,8,9,0,1,973
2024-04-07,Sun,3,5,9,4,6,9,7,9,974
2024-04-08,Mon,2,4,7,0,2,6,3,8,975
2024-04-09,Tue,0,1,1,2,7,9,2,8,976
2024-04-10,Wed,4,5,8,6,8,9,7,3,977
2024-04-11,Thu,3,6,9,2,3,9,8,4,978
2024-04-12,Fri,2,4,8,3,6,8,4,7,979
2024-04-13,Sat,1,5,9,4,7,8,5,9,980
2024-04-14,Sun,1,2,9,3,8,9,2,0,981
2024-04-15,Mon,3,6,9,3,4,7,8,4,982
2024-04-16,Tue,0,3,4,0,2,8,7,0,983
2024-04-17,Wed,2,3,6,1,4,8,1,3,984
2024-04-18,Thu,0,3,7,3,4,7,0,4,985
2024-04-19,Fri,5,7,8,4,8,9,0,1,986
2024-04-20,Sat,0,2,9,1,3,9,1,3,987
2024-04-21,Sun,0,7,9,0,2,5,6,7,988
2024-04-22,Mon,2,6,8,2,3,7,6,2,989
2024-04-23,Tue,0,6,8,0,2,8,4,0,990
2024-04-24,Wed,5,8,9,3,5,8,2,6,991
2024-04-25,Thu,3,8,8,4,9,9,9,2,992
2024-04-26,Fri,1,7,9,1,2,3,7,6,993
2024-04-27,Sat,3,5,6,1,4,5,4,0,994
2024-04-28,Sun,1,6,8,4,5,9,5,8,995
2024-04-29,Mon,5,6,7,3,4,4,8,1,996
2024-04-30,Tue,3,4,8,0,2,4,5,6,997
2024-05-01,Wed,3,5,8,2,7,9,6,8,998
2024-05-02,Thu,2,3,6,3,4,8,1,5,999
2024-05-03,Fri,0,3,6,1,2,2,9,5,1000
2024-05-04,Sat,4,5,7,1,7,8,6,6,1001
2024-05-05,Sun,0,1,7,0,3,6,8,9,1002
2024-05-06,Mon,3,4,7,4,5,8,4,7,1003
2024-05-07,Tue,1,2,2,3,7,8,5,8,1004
2024-05-08,Wed,4,6,9,1,2,7,9,0,1005
2024-05-09,Thu,1,1,9,1,5,9,1,5,1006
2024-05-10,Fri,3,4,6,0,5,8,3,3,1007
2024-05-11,Sat,0,4,4,4,5,6,8,5,1008
2024-05-12,Sun,1,2,3,1,6,8,6,5,1009
2024-05-13,Mon,1,1,7,3,5,7,9,5,1010
2024-05-14,Tue,1,8,9,0,3,9,8,2,1011
2024-05-15,Wed,0,3,7,2,7,9,0,8,1012
2024-05-16,Thu,1,2,5,4,5,5,8,4,1013
2024-05-17,Fri,0,1,9,2,7,9,0,8,1014
2024-05-18,Sat,0,2,8,7,8,9,0,4,1015
2024-05-19,Sun,0,1,1,5,6,8,2,9,1016
2024-05-20,Mon,0,3,8,0,1,7,1,8,1017
2024-05-21,Tue,6,8,8,0,6,7,2,3,1018
2024-05-22,Wed,0,1,4,1,4,8,5,3,1019
2024-05-23,Thu,0,9,9,1,6,7,8,4,1020
2024-05-24,Fri,2,8,9,3,8,9,9,0,1021
2024-05-25,Sat,2,5,9,1,5,7,6,3,1022
2024-05-26,Sun,3,4,8,0,4,8,5,2,1023
2024-05-27,Mon,0,6,6,1,5,6,2,2,1024
2024-05-28,Tue,2,6,8,1,8,9,6,8,1025
2024-05-29,Wed,0,2,3,0,8,9,5,7,1026
2024-05-30,Thu,4,6,7,5,7,9,7,1,1027
2024-05-31,Fri,0,2,3,4,5,9,5,8,1028
2024-06-01,Sat,6,6,9,3,5,6,1,4,1029
2024-06-02,Sun,5,6,9,3,7,9,0,9,1030
2024-06-03,Mon,0,3,6,4,6,7,9,7,1031
2024-06-04,Tue,7,7,8,1,4,9,2,4,1032
2024-06-05,Wed,0,7,8,3,6,9,5,8,1033
2024-06-06,Thu,1,5,6,2,4,8,2,4,1034
2024-06-07,Fri,2,5,9,4,5,7,6,6,1035
2024-06-08,Sat,0,1,5,2,7,8,6,7,1036
2024-06-09,Sun,0,3,5,2,4,6,8,2,1037
2024-06-10,Mon,2,3,4,2,7,8,9,7,1038
2024-06-11,Tue,3,4,8,4,8,9,5,1,1039
2024-06-12,Wed,1,6,7,3,4,9,4,6,1040
2024-06-13,Thu,3,4,7,2,4,9,4,5,1041
2024-06-14,Fri,1,5,5,1,2,5,1,8,1042
2024-06-15,Sat,0,3,5,1,5,6,8,2,1043
2024-06-16,Sun,3,8,8,6,7,8,9,1,1044
2024-06-17,Mon,2,8,9,6,7,9,9,2,1045
2024-06-18,Tue,2,6,7,4,7,8,5,9,1046
2024-06-19,Wed,5,7,9,4,7,9,1,0,1047
2024-06-20,Thu,3,8,9,0,2,8,0,0,1048
2024-06-21,Fri,3,4,8,4,5,9,5,8,1049
2024-06-22,Sat,4,5,6,5,6,9,5,0,1050
2024-06-23,Sun,1,5,7,2,3,5,3,0,1051
2024-06-24,Mon,1,8,9,4,5,8,8,7,1052
2024-06-25,Tue,0,1,2,6,8,9,3,3,1053
2024-06-26,Wed,1,3,8,2,3,4,2,9,1054
2024-06-27,Thu,1,7,8,4,6,9,6,9,1055
2024-06-28,Fri,2,6,9,5,7,8,7,0,1056
2024-06-29,Sat,1,4,6,0,2,7,1,9,1057
2024-06-30,Sun,0,5,6,2,4,8,1,4,1058
2024-07-01,Mon,5,6,8,4,7,9,9,0,1059
2024-07-02,Tue,3,6,7,3,8,9,6,0,1060
2024-07-03,Wed,2,7,8,6,8,9,7,3,1061
2024-07-04,Thu,3,7,9,1,3,6,9,0,1062
2024-07-05,Fri,1,6,9,2,4,6,6,2,1063
2024-07-06,Sat,6,7,9,4,8,9,2,1,1064
2024-07-07,Sun,3,6,7,5,6,8,6,9,1065
2024-07-08,Mon,1,4,7,0,6,7,2,3,1066
2024-07-09,Tue,0,2,4,0,1,9,6,0,1067
2024-07-10,Wed,1,3,5,0,1,6,9,7,1068
2024-07-11,Thu,0,3,7,0,6,8,0,4,1069
2024-07-12,Fri,3,8,9,1,4,7,0,2,1070
2024-07-13,Sat,1,1,9,0,6,8,1,4,1071
2024-07-14,Sun,0,2,3,1,2,6,5,9,1072
2024-07-15,Mon,0,2,8,2,6,8,0,6,1073
2024-07-16,Tue,0,8,9,3,5,8,7,6,1074
2024-07-17,Wed,2,4,5,0,3,6,1,9,1075
2024-07-18,Thu,4,7,7,4,6,9,8,9,1076
2024-07-19,Fri,1,5,7,5,6,8,3,9,1077
2024-07-20,Sat,1,4,6,1,8,9,1,8,1078
2024-07-21,Sun,3,5,5,3,9,9,3,1,1079
2024-07-22,Mon,1,6,8,4,5,5,5,4,1080
2024-07-23,Tue,1,2,6,3,3,4,9,0,1081
2024-07-24,Wed,2,4,6,3,5,9,2,7,1082
2024-07-25,Thu,0,8,8,2,4,7,6,3,1083
2024-07-26,Fri,0,5,7,1,6,7,2,4,1084
2024-07-27,Sat,2,8,8,2,5,7,8,4,1085
2024-07-28,Sun,0,5,5,4,4,8,0,6,1086
2024-07-29,Mon,1,3,8,0,5,7,2,2,1087
2024-07-30,Tue,4,5,9,2,6,9,8,7,1088
2024-07-31,Wed,0,8,9,1,3,6,7,0,1089
2024-08-01,Thu,0,5,6,3,8,9,1,0,1090
2024-08-02,Fri,0,5,9,4,5,8,4,7,1091
2024-08-03,Sat,4,8,9,0,7,8,1,5,1092
2024-08-04,Sun,1,5,7,1,4,5,3,0,1093
2024-08-05,Mon,1,1,9,4,8,9,1,1,1094
2024-08-06,Tue,3,5,6,2,5,7,4,4,1095
2024-08-07,Wed,2,5,8,3,8,9,5,0,1096
2024-08-08,Thu,0,2,6,4,7,8,8,9,1097
2024-08-09,Fri,2,4,8,3,8,9,4,0,1098
2024-08-10,Sat,5,5,7,3,7,8,7,8,1099
2024-08-11,Sun,4,4,9,0,5,6,7,1,1100
2024-08-12,Mon,2,5,7,5,7,8,4,0,1101
2024-08-13,Tue,0,3,8,3,5,9,1,7,1102
2024-08-14,Wed,2,3,4,0,3,5,9,8,1103
2024-08-15,Thu,2,3,8,2,4,6,3,2,1104
2024-08-16,Fri,1,8,9,1,3,8,8,2,1105
2024-08-17,Sat,0,5,7,0,3,6,2,9,1106
2024-08-18,Sun,1,3,4,1,2,4,8,7,1107
2024-08-19,Mon,0,0,2,3,3,8,2,4,1108
2024-08-20,Tue,4,5,7,5,7,9,6,1,1109
2024-08-21,Wed,2,4,7,1,5,5,3,1,1110
2024-08-22,Thu,2,5,9,0,6,7,6,3,1111
2024-08-23,Fri,1,3,4,0,7,9,8,6,1112
2024-08-24,Sat,0,4,7,2,6,7,1,5,1113
2024-08-25,Sun,3,4,8,2,5,6,5,3,1114
2024-08-26,Mon,3,3,5,4,6,8,1,8,1115
2024-08-27,Tue,3,7,7,1,3,7,7,1,1116
2024-08-28,Wed,4,7,9,1,3,4,0,8,1117
2024-08-29,Thu,4,6,8,1,3,6,8,0,1118
2024-08-30,Fri,7,8,9,0,5,9,4,4,1119
2024-08-31,Sat,1,4,7,3,8,9,2,0,1120
2024-09-01,Sun,1,1,3,0,5,9,5,4,1121
2024-09-02,Mon,5,7,9,3,6,6,1,5,1122
2024-09-03,Tue,3,6,8,3,5,7,7,5,1123
2024-09-04,Wed,3,6,7,0,4,8,6,2,1124
2024-09-05,Thu,4,5,8,1,9,9,7,9,1125
2024-09-06,Fri,0,8,8,0,2,9,6,1,1126
2024-09-07,Sat,2,6,7,0,3,6,5,9,1127
2024-09-08,Sun,2,3,9,2,5,6,4,3,1128
2024-09-09,Mon,2,4,9,1,1,6,5,8,1129
2024-09-10,Tue,1,9,9,5,6,8,9,9,1130
2024-09-11,Wed,0,4,9,1,9,9,3,9,1131
2024-09-12,Thu,1,7,8,3,6,6,6,5,1132
2024-09-13,Fri,1,4,7,1,8,9,2,8,1133
2024-09-14,Sat,5,6,7,0,2,8,8,0,1134
2024-09-15,Sun,4,6,9,1,4,7,9,2,1135
2024-09-16,Mon,4,5,6,3,4,9,5,6,1136
2024-09-17,Tue,2,7,8,3,5,8,7,6,1137
2024-09-18,Wed,3,5,7,0,4,5,5,9,1138
2024-09-19,Thu,4,7,8,1,8,9,9,8,1139
2024-09-20,Fri,0,1,6,3,7,9,7,9,1140
2024-09-21,Sat,0,6,9,4,4,9,5,7,1141
2024-09-22,Sun,2,7,8,1,4,5,7,0,1142
2024-09-23,Mon,1,3,4,2,7,9,8,8,1143
2024-09-24,Tue,1,5,7,1,2,7,3,0,1144
2024-09-25,Wed,3,6,7,3,7,9,6,9,1145
2024-09-26,Thu,4,6,9,1,4,6,9,1,1146
2024-09-27,Fri,3,4,7,5,8,8,4,1,1147
2024-09-28,Sat,2,3,9,0,3,4,4,7,1148
2024-09-29,Sun,4,8,9,0,7,9,1,6,1149
2024-09-30,Mon,1,2,6,4,7,7,9,8,1150
2024-10-01,Tue,3,4,8,2,6,7,5,5,1151
2024-10-02,Wed,2,3,8,0,5,9,3,4,1152
2024-10-03,Thu,1,4,9,1,5,8,4,4,1153
2024-10-04,Fri,6,7,8,2,9,9,1,0,1154
2024-10-05,Sat,4,5,7,0,4,8,6,2,1155
2024-10-06,Sun,2,3,4,3,4,9,9,6,1156
2024-10-07,Mon,3,6,9,2,4,5,8,1,1157
2024-10-08,Tue,0,3,9,0,2,8,2,0,1158
2024-10-09,Wed,3,5,8,2,3,8,6,3,1159
2024-10-10,Thu,4,7,9,1,2,9,0,2,1160
2024-10-11,Fri,1,4,6,1,3,8,1,2,1161
2024-10-12,Sat,2,4,6,5,7,8,2,0,1162
2024-10-13,Sun,0,2,3,2,3,7,5,2,1163
2024-10-14,Mon,0,5,9,3,6,7,4,6,1164
2024-10-15,Tue,3,4,9,1,3,4,6,8,1165
2024-10-16,Wed,5,7,8,1,5,8,0,4,1166
2024-10-17,Thu,2,6,7,4,7,8,5,9,1167
2024-10-18,Fri,5,5,8,3,5,9,8,7,1168
2024-10-19,Sat,3,5,9,5,6,9,7,0,1169
2024-10-20,Sun,4,7,7,1,7,8,8,6,1170
2024-10-21,Mon,0,2,8,1,3,7,0,1,1171
2024-10-22,Tue,0,3,6,4,8,9,9,1,1172
2024-10-23,Wed,4,4,4,2,4,6,2,2,1173
2024-10-24,Thu,5,9,9,0,3,7,3,0,1174
2024-10-25,Fri,0,4,5,5,7,9,9,1,1175
2024-10-26,Sat,5,8,9,6,7,8,2,1,1176
2024-10-27,Sun,5,6,7,0,2,2,8,4,1177
2024-10-28,Mon,0,6,8,0,5,8,4,3,1178
2024-10-29,Tue,4,7,8,3,6,8,9,7,1179
2024-10-30,Wed,0,3,9,4,4,8,2,6,1180
2024-10-31,Thu,0,4,7,1,3,8,1,2,1181
2024-11-01,Fri,4,6,9,2,4,7,9,3,1182
2024-11-02,Sat,3,4,9,3,5,8,6,6,1183
2024-11-03,Sun,4,6,8,2,6,9,8,7,1184
2024-11-04,Mon,1,6,7,1,4,5,4,0,1185
2024-11-05,Tue,4,5,8,2,3,4,7,9,1186
2024-11-06,Wed,0,3,5,5,7,8,8,0,1187
2024-11-07,Thu,0,4,8,5,5,7,2,7,1188
2024-11-08,Fri,1,4,6,0,1,8,1,9,1189
2024-11-09,Sat,5,6,8,7,8,9,9,4,1190
2024-11-10,Sun,5,9,9,3,7,9,3,9,1191
2024-11-11,Mon,4,5,9,1,1,9,8,1,1192
2024-11-12,Tue,2,5,9,3,7,9,6,9,1193
2024-11-13,Wed,1,2,7,0,1,6,0,7,1194
2024-11-14,Thu,2,6,9,3,5,8,7,6,1195
2024-11-15,Fri,1,6,9,1,6,8,6,5,1196
2024-11-16,Sat,1,4,6,2,3,6,1,1,1197
2024-11-17,Sun,1,5,6,1,4,5,2,0,1198
2024-11-18,Mon,0,2,2,1,5,6,4,2,1199
2024-11-19,Tue,1,4,8,5,7,8,3,0,1200
2024-11-20,Wed,0,2,5,0,1,5,7,6,1201
2024-11-21,Thu,5,5,9,1,3,8,9,2,1202
2024-11-22,Fri,0,1,4,1,4,6,5,1,1203
2024-11-23,Sat,1,8,9,1,6,7,8,4,1204
2024-11-24,Sun,1,1,2,1,4,6,4,1,1205
2024-11-25,Mon,1,2,7,1,3,8,0,2,1206
2024-11-26,Tue,0,1,6,1,2,3,7,6,1207
2024-11-27,Wed,5,7,8,5,6,8,0,9,1208
2024-11-28,Thu,0,2,4,1,8,9,6,8,1209
2024-11-29,Fri,2,2,7,1,4,9,1,4,1210
2024-11-30,Sat,5,6,7,1,5,6,8,2,1211
2024-12-01,Sun,1,5,7,1,7,8,3,6,1212
2024-12-02,Mon,0,1,8,1,5,8,9,4,1213
2024-12-03,Tue,2,5,7,1,3,9,4,3,1214
2024-12-04,Wed,1,4,5,2,5,6,0,3,1215
2024-12-05,Thu,4,6,7,1,4,6,7,1,1216
2024-12-06,Fri,1,2,9,1,6,9,2,6,1217
2024-12-07,Sat,5,7,8,1,7,9,0,7,1218
2024-12-08,Sun,1,4,6,0,1,7,1,8,1219
2024-12-09,Mon,1,4,8,2,7,8,3,7,1220
2024-12-10,Tue,1,3,6,1,3,5,0,9,1221
2024-12-11,Wed,1,2,5,2,6,8,8,6,1222
2024-12-12,Thu,1,4,9,0,2,9,4,1,1223
2024-12-13,Fri,0,1,4,0,6,8,5,4,1224
2024-12-14,Sat,5,6,7,1,2,7,8,0,1225
2024-12-15,Sun,0,1,5,2,4,9,6,5,1226
2024-12-16,Mon,0,1,4,0,1,5,5,6,1227
2024-12-17,Tue,4,6,7,1,2,4,7,7,1228
2024-12-18,Wed,0,5,8,0,4,6,3,0,1229
2024-12-19,Thu,1,2,7,0,5,8,0,3,1230
2024-12-20,Fri,0,5,9,4,4,5,4,3,1231
2024-12-21,Sat,0,3,8,0,5,8,1,3,1232
2024-12-22,Sun,2,5,9,5,6,9,6,0,1233
2024-12-23,Mon,2,7,8,5,7,8,7,0,1234
2024-12-24,Tue,1,7,8,0,2,2,6,4,1235
2024-12-25,Wed,2,3,5,1,2,8,0,1,1236
2024-12-26,Thu,1,7,9,2,5,7,7,4,1237
2024-12-27,Fri,1,2,6,1,2,4,9,7,1238
2024-12-28,Sat,0,1,7,7,7,8,8,2,1239
2024-12-29,Sun,1,5,9,1,2,5,5,8,1240
2024-12-30,Mon,0,3,8,0,1,6,1,7,1241
2024-12-31,Tue,0,4,9,0,1,6,3,7,1242
2025-01-01,Wed,0,3,5,1,7,8,8,6,1243
2025-01-02,Thu,1,2,6,2,6,8,9,6,1244
2025-01-03,Fri,2,7,8,1,3,8,7,2,1245
2025-01-04,Sat,0,2,9,0,1,3,1,4,1246
2025-01-05,Sun,5,6,8,0,2,5,9,7,1247
2025-01-06,Mon,3,5,8,1,6,8,6,5,1248
2025-01-07,Tue,0,5,7,4,7,8,2,9,1249
2025-01-08,Wed,1,4,5,2,3,6,0,1,1250
2025-01-09,Thu,0,7,8,3,4,6,5,3,1251
2025-01-10,Fri,2,3,4,1,2,7,9,0,1252
2025-01-11,Sat,2,3,7,5,5,8,2,8,1253
2025-01-12,Sun,0,1,2,1,3,5,3,9,1254
2025-01-13,Mon,2,5,7,1,5,7,4,3,1255
2025-01-14,Tue,4,5,8,1,3,6,7,0,1256
2025-01-15,Wed,2,5,7,4,5,9,4,8,1257
2025-01-16,Thu,1,5,7,0,8,8,3,6,1258
2025-01-17,Fri,1,2,8,3,4,6,1,3,1259
2025-01-18,Sat,1,3,6,0,4,6,0,0,1260
2025-01-19,Sun,4,5,7,5,7,9,6,1,1261
2025-01-20,Mon,5,6,8,1,6,6,9,3,1262
2025-01-21,Tue,0,4,6,2,4,6,0,2,1263
2025-01-22,Wed,2,7,9,0,6,8,8,4,1264
2025-01-23,Thu,0,3,4,4,5,9,7,8,1265
2025-01-24,Fri,3,4,6,2,6,9,3,7,1266
2025-01-25,Sat,2,5,7,0,4,9,4,3,1267
2025-01-26,Sun,0,4,6,1,1,4,0,6,1268
2025-01-27,Mon,3,7,8,1,3,4,8,8,1269
2025-01-28,Tue,0,2,7,3,6,8,9,7,1270
2025-01-29,Wed,2,7,8,2,6,8,7,6,1271
2025-01-30,Thu,3,5,6,5,6,9,4,0,1272
2025-01-31,Fri,0,4,5,2,3,4,9,9,1273
2025-02-01,Sat,0,4,7,1,5,8,1,4,1274
2025-02-02,Sun,4,6,9,2,3,8,9,3,1275
2025-02-03,Mon,3,6,7,5,6,7,6,8,1276
2025-02-04,Tue,0,1,7,5,7,7,8,9,1277
2025-02-05,Wed,0,6,8,0,3,9,4,2,1278
2025-02-06,Thu,5,6,7,3,5,9,8,7,1279
2025-02-07,Fri,1,3,9,0,3,4,3,7,1280
2025-02-08,Sat,3,6,7,4,6,7,6,7,1281
2025-02-09,Sun,3,4,9,5,6,7,6,8,1282
2025-02-10,Mon,4,7,8,1,2,4,9,7,1283
2025-02-11,Tue,1,2,7,3,4,6,0,3,1284
2025-02-12,Wed,5,8,9,5,6,8,2,9,1285
2025-02-13,Thu,2,5,9,2,4,6,6,2,1286
2025-02-14,Fri,0,2,8,3,5,8,0,6,1287
2025-02-15,Sat,6,7,9,0,1,9,2,0,1288
2025-02-16,Sun,3,7,8,2,6,8,8,6,1289
2025-02-17,Mon,1,3,7,1,1,2,1,4,1290
2025-02-18,Tue,4,5,7,7,7,8,6,2,1291
2025-02-19,Wed,0,7,9,0,3,9,6,2,1292
2025-02-20,Thu,1,3,9,2,4,5,3,1,1293
2025-02-21,Fri,3,4,8,2,3,6,5,1,1294
2025-02-22,Sat,4,6,9,2,4,5,9,1,1295
2025-02-23,Sun,4,5,8,0,1,7,7,8,1296
2025-02-24,Mon,1,4,6,0,5,8,1,3,1297
2025-02-25,Tue,3,6,9,1,4,6,8,1,1298
2025-02-26,Wed,1,4,8,6,8,9,3,3,1299
2025-02-27,Thu,0,1,9,0,5,8,0,3,1300
2025-02-28,Fri,1,2,9,1,4,8,2,3,1301
2025-03-01,Sat,7,8,9,5,6,8,4,9,1302
2025-03-02,Sun,5,7,7,3,8,9,9,0,1303
2025-03-03,Mon,0,5,9,4,5,7,4,6,1304
2025-03-04,Tue,1,7,8,1,8,9,6,8,1305
2025-03-05,Wed,3,7,9,1,7,8,9,6,1306
2025-03-06,Thu,3,4,5,0,7,9,2,6,1307
2025-03-07,Fri,1,6,7,3,6,8,4,7,1308
2025-03-08,Sat,0,3,7,0,2,9,0,1,1309
2025-03-09,Sun,5,5,7,3,5,8,7,6,1310
2025-03-10,Mon,0,5,7,2,5,6,2,3,1311
2025-03-11,Tue,2,7,9,2,5,8,8,5,1312
2025-03-12,Wed,1,2,6,3,6,7,9,6,1313
2025-03-13,Thu,1,6,7,4,7,9,4,0,1314
2025-03-14,Fri,5,7,8,3,4,7,0,4,1315
2025-03-15,Sat,1,6,6,5,6,9,3,0,1316
2025-03-16,Sun,0,4,5,2,4,5,9,1,1317
2025-03-17,Mon,4,5,6,1,3,4,5,8,1318
2025-03-18,Tue,4,5,8,1,7,8,7,6,1319
2025-03-19,Wed,4,8,9,0,3,9,1,2,1320
2025-03-20,Thu,2,6,7,2,7,9,5,8,1321
2025-03-21,Fri,0,2,5,1,6,8,7,5,1322
2025-03-22,Sat,0,6,7,1,1,6,3,8,1323
2025-03-23,Sun,0,2,9,4,5,9,1,8,1324
2025-03-24,Mon,0,5,9,5,6,7,4,8,1325
2025-03-25,Tue,2,4,5,1,7,7,1,5,1326
2025-03-26,Wed,0,2,6,3,8,9,8,0,1327
2025-03-27,Thu,3,7,9,4,7,8,9,9,1328
2025-03-28,Fri,3,5,7,4,6,9,5,9,1329
2025-03-29,Sat,5,7,8,1,2,4,0,7,1330
2025-03-30,Sun,1,7,9,2,3,8,7,3,1331
2025-03-31,Mon,3,9,9,2,4,5,1,1,1332
2025-04-01,Tue,3,4,7,1,2,5,4,8,1333
2025-04-02,Wed,5,7,8,0,2,6,0,8,1334
2025-04-03,Thu,2,3,3,2,9,9,8,0,1335
2025-04-04,Fri,6,7,9,2,4,5,2,1,1336
2025-04-05,Sat,4,6,8,1,1,9,8,1,1337
2025-04-06,Sun,4,8,9,3,4,8,1,5,1338
2025-04-07,Mon,2,5,8,2,3,9,5,4,1339
2025-04-08,Tue,4,5,7,5,7,8,6,0,1340
2025-04-09,Wed,1,3,4,0,2,7,8,9,1341
2025-04-10,Thu,4,6,9,0,7,9,9,6,1342
2025-04-11,Fri,0,4,8,0,7,8,2,5,1343
2025-04-12,Sat,0,4,6,3,7,8,0,8,1344
2025-04-13,Sun,0,3,3,3,3,6,6,2,1345
2025-04-14,Mon,3,7,8,5,6,6,8,7,1346
2025-04-15,Tue,6,6,7,2,6,6,9,4,1347
2025-04-16,Wed,3,3,4,0,3,9,0,2,1348
2025-04-17,Thu,3,5,8,5,7,9,6,1,1349
2025-04-18,Fri,3,4,6,2,3,8,3,3,1350
2025-04-19,Sat,2,3,9,6,7,9,4,2,1351
2025-04-20,Sun,1,4,6,5,7,8,1,0,1352
2025-04-21,Mon,0,4,6,0,3,6,0,9,1353
2025-04-22,Tue,3,7,8,2,4,8,8,4,1354
2025-04-23,Wed,0,6,8,6,7,8,4,1,1355
2025-04-24,Thu,1,6,6,2,2,8,3,2,1356
2025-04-25,Fri,4,6,7,2,3,5,7,0,1357
2025-04-26,Sat,5,6,7,6,7,9,8,2,1358
2025-04-27,Sun,2,4,8,3,4,5,4,2,1359
2025-04-28,Mon,4,6,8,1,6,7,8,4,1360
2025-04-29,Tue,0,1,5,2,2,4,6,8,1361
2025-04-30,Wed,6,6,9,3,5,8,1,6,1362
2025-05-01,Thu,2,5,5,1,6,9,2,6,1363
2025-05-02,Fri,0,2,4,1,6,7,6,4,1364
2025-05-03,Sat,1,6,8,0,1,5,5,6,1365
2025-05-04,Sun,3,5,9,2,3,6,7,1,1366
2025-05-05,Mon,0,4,5,1,2,8,9,1,1367
2025-05-06,Tue,1,4,7,0,2,6,2,8,1368
2025-05-07,Wed,2,3,8,4,7,9,3,0,1369
2025-05-08,Thu,3,8,9,0,5,6,0,1,1370
2025-05-09,Fri,3,6,7,1,5,6,6,2,1371
2025-05-10,Sat,1,2,8,4,5,6,1,5,1372
2025-05-11,Sun,6,7,9,0,6,7,2,3,1373
2025-05-12,Mon,1,6,8,3,8,9,5,0,1374
2025-05-13,Tue,4,5,8,1,2,7,7,0,1375
2025-05-14,Wed,4,6,9,2,2,9,9,3,1376
2025-05-15,Thu,0,6,7,5,6,9,3,0,1377
2025-05-16,Fri,4,5,9,2,2,8,8,2,1378
2025-05-17,Sat,5,6,6,4,7,7,7,8,1379
2025-05-18,Sun,1,3,6,1,5,7,0,3,1380
2025-05-19,Mon,3,8,9,2,7,8,0,7,1381
2025-05-20,Tue,0,1,6,1,8,9,7,8,1382
2025-05-21,Wed,3,5,7,3,6,8,5,7,1383
2025-05-22,Thu,1,7,9,0,5,9,7,4,1384
2025-05-23,Fri,0,4,5,1,8,9,9,8,1385
2025-05-24,Sat,4,6,7,3,5,8,7,6,1386
2025-05-25,Sun,2,3,6,2,8,8,1,8,1387
2025-05-26,Mon,5,7,8,3,4,9,0,6,1388
2025-05-27,Tue,0,4,9,2,4,9,3,5,1389
2025-05-28,Wed,4,5,8,0,7,9,7,6,1390
2025-05-29,Thu,0,1,4,2,3,3,5,8,1391
2025-05-30,Fri,4,7,8,3,4,8,9,5,1392
2025-05-31,Sat,2,3,5,3,3,7,0,3,1393
2025-06-01,Sun,2,3,8,1,2,9,3,2,1394
2025-06-02,Mon,5,5,6,0,8,9,6,7,1395
2025-06-03,Tue,1,2,7,3,4,7,0,4,1396
2025-06-04,Wed,0,0,3,0,1,4,3,5,1397
2025-06-05,Thu,5,7,9,0,3,7,1,0,1398
2025-06-06,Fri,4,6,7,1,3,4,7,8,1399
2025-06-07,Sat,5,6,8,1,4,5,9,0,1400
2025-06-08,Sun,3,8,9,5,6,8,0,9,1401
2025-06-09,Mon,2,7,8,1,4,6,7,1,1402
2025-06-10,Tue,4,7,8,2,4,5,9,1,1403
2025-06-11,Wed,0,4,5,1,2,2,9,5,1404
2025-06-12,Thu,1,6,6,0,1,5,3,6,1405
2025-06-13,Fri,4,8,9,1,2,9,1,2,1406
2025-06-14,Sat,1,2,3,2,7,9,6,8,1407
2025-06-15,Sun,5,6,9,5,5,7,0,7,1408
2025-06-16,Mon,0,4,6,4,5,9,0,8,1409
2025-06-17,Tue,2,5,6,2,9,9,3,0,1410
2025-06-18,Wed,1,3,4,1,5,7,8,3,1411
2025-06-19,Thu,1,2,7,1,3,7,0,1,1412
2025-06-20,Fri,4,5,7,2,3,6,6,1,1413
2025-06-21,Sat,2,6,7,1,4,8,5,3,1414
2025-06-22,Sun,1,4,9,0,4,6,4,0,1415
2025-06-23,Mon,0,4,7,2,5,6,1,3,1416
2025-06-24,Tue,4,5,7,2,4,9,6,5,1417
2025-06-25,Wed,0,1,4,0,3,9,5,2,1418
2025-06-26,Thu,1,2,5,4,5,7,8,6,1419
2025-06-27,Fri,3,6,6,4,4,9,5,7,1420
2025-06-28,Sat,3,3,7,0,2,5,3,7,1421
2025-06-29,Sun,2,3,5,2,7,9,0,8,1422
2025-06-30,Mon,2,4,6,4,8,9,2,1,1423
2025-07-01,Tue,3,5,9,4,8,9,7,1,1424
2025-07-02,Wed,1,3,8,2,4,8,2,4,1425
2025-07-03,Thu,5,7,9,2,2,5,1,9,1426
2025-07-04,Fri,0,5,8,1,2,7,3,0,1427
2025-07-05,Sat,3,4,8,1,1,6,5,8,1428
2025-07-06,Sun,0,6,9,0,7,7,5,4,1429
2025-07-07,Mon,6,7,9,0,7,8,2,5,1430
2025-07-08,Tue,3,6,8,3,7,8,7,8,1431
2025-07-09,Wed,0,3,7,1,3,7,0,1,1432
2025-07-10,Thu,1,4,6,3,3,7,1,3,1433
2025-07-11,Fri,0,8,9,0,5,6,7,1,1434
2025-07-12,Sat,5,7,9,2,4,7,1,3,1435
2025-07-13,Sun,5,7,8,1,3,8,0,2,1436
2025-07-14,Mon,0,7,8,0,4,9,5,3,1437
2025-07-15,Tue,0,5,9,1,1,5,4,7,1438
2025-07-16,Wed,3,6,7,2,7,9,6,8,1439
2025-07-17,Thu,0,2,9,0,3,6,1,9,1440
2025-07-18,Fri,5,6,6,3,8,8,7,9,1441
2025-07-19,Sat,5,8,9,1,2,3,2,6,1442
2025-07-20,Sun,1,4,9,0,6,9,4,5,1443
2025-07-21,Mon,0,5,9,5,6,7,4,8,1444
2025-07-22,Tue,5,6,8,2,4,6,9,2,1445
2025-07-23,Wed,3,6,9,0,5,6,8,1,1446
2025-07-24,Thu,3,6,8,0,5,6,7,1,1447
2025-07-25,Fri,0,2,9,1,4,7,1,2,1448
2025-07-26,Sat,2,5,7,3,4,4,4,1,1449
2025-07-27,Sun,5,8,9,1,6,6,2,3,1450
2025-07-28,Mon,4,6,7,6,8,9,7,3,1451
2025-07-29,Tue,0,5,6,4,5,8,1,7,1452
2025-07-30,Wed,4,5,7,5,5,9,6,9,1453
2025-07-31,Thu,5,6,8,2,2,9,9,3,1454
2025-08-01,Fri,3,5,9,5,6,8,7,9,1455
2025-08-02,Sat,2,6,8,4,7,8,6,9,1456
2025-08-03,Sun,1,9,9,2,5,9,9,6,1457
2025-08-04,Mon,2,4,9,2,7,8,5,7,1458
2025-08-05,Tue,0,1,3,3,8,9,4,0,1459
2025-08-06,Wed,4,5,7,3,4,6,6,3,1460
2025-08-07,Thu,1,4,9,0,2,6,4,8,1461
2025-08-08,Fri,1,3,5,2,4,5,9,1,1462
2025-08-09,Sat,4,5,6,0,4,7,5,1,1463
2025-08-10,Sun,2,2,5,5,6,7,9,8,1464
2025-08-11,Mon,0,2,4,4,6,8,6,8,1465
2025-08-12,Tue,5,7,8,4,8,9,0,1,1466
2025-08-13,Wed,1,2,5,3,4,9,8,6,1467
2025-08-14,Thu,3,8,8,1,7,9,9,7,1468
2025-08-15,Fri,0,3,9,0,1,7,2,8,1469
2025-08-16,Sat,7,8,9,3,7,8,4,8,1470
2025-08-17,Sun,5,7,8,7,8,9,0,4,1471
2025-08-18,Mon,6,8,9,1,2,4,3,7,1472
2025-08-19,Tue,1,4,5,4,5,5,0,4,1473
2025-08-20,Wed,1,2,8,2,3,6,1,1,1474
2025-08-21,Thu,6,7,9,1,5,9,2,5,1475
2025-08-22,Fri,0,1,4,0,0,4,5,4,1476
2025-08-23,Sat,3,7,8,5,6,7,8,8,1477
2025-08-24,Sun,3,4,6,1,6,7,3,4,1478
2025-08-25,Mon,4,5,7,1,5,9,6,5,1479
2025-08-26,Tue,1,1,8,0,8,8,0,6,1480
2025-08-27,Wed,1,5,9,0,6,8,5,4,1481
2025-08-28,Thu,2,4,5,5,7,7,1,9,1482
2025-08-29,Fri,1,5,9,2,5,8,5,5,1483
2025-08-30,Sat,1,3,9,0,2,2,3,4,1484
2025-08-31,Sun,1,3,5,1,5,6,9,2,1485
2025-09-01,Mon,2,5,7,0,3,9,4,2,1486
2025-09-02,Tue,1,5,6,0,5,8,2,3,1487
2025-09-03,Wed,3,5,5,0,5,7,3,2,1488
2025-09-04,Thu,1,5,6,1,4,9,2,4,1489
2025-09-05,Fri,2,8,8,0,6,7,8,3,1490
2025-09-06,Sat,0,1,3,4,6,9,4,9,1491
2025-09-07,Sun,1,6,8,6,6,9,5,1,1492
2025-09-08,Mon,0,2,3,1,3,9,5,3,1493
2025-09-09,Tue,0,1,6,0,3,8,7,1,1494
2025-09-10,Wed,7,7,9,1,2,9,3,2,1495
2025-09-11,Thu,1,3,4,5,6,8,8,9,1496
2025-09-12,Fri,1,6,7,0,3,9,4,2,1497
2025-09-13,Sat,0,1,1,2,4,6,2,2,1498
2025-09-14,Sun,8,9,9,0,3,7,6,0,1499
2025-09-15,Mon,0,1,4,1,5,7,5,3,1500
2025-09-16,Tue,0,2,4,1,6,8,6,5,1501
2025-09-17,Wed,0,2,8,1,6,7,0,4,1502
2025-09-18,Thu,3,5,7,4,8,9,5,1,1503
2025-09-19,Fri,1,6,8,1,6,7,5,4,1504
2025-09-20,Sat,0,5,6,3,5,9,1,7,1505
2025-09-21,Sun,0,2,4,2,6,9,6,7,1506
2025-09-22,Mon,7,8,9,4,5,9,4,8,1507
2025-09-23,Tue,5,9,9,0,4,9,3,3,1508
2025-09-24,Wed,1,8,8,0,2,6,7,8,1509
2025-09-25,Thu,2,8,9,2,3,8,9,3,1510
2025-09-26,Fri,4,4,9,0,4,6,7,0,1511
2025-09-27,Sat,0,2,6,1,3,5,8,9,1512
2025-09-28,Sun,0,3,6,0,0,9,9,9,1513
2025-09-29,Mon,5,6,6,1,6,9,7,6,1514
2025-09-30,Tue,0,7,8,6,9,9,5,4,1515
2025-10-01,Wed,5,6,7,5,5,9,8,9,1516
2025-10-02,Thu,0,3,8,3,4,8,1,5,1517
2025-10-03,Fri,4,6,9,2,5,9,9,6,1518
2025-10-04,Sat,1,5,7,2,3,7,3,2,1519
2025-10-05,Sun,2,3,5,0,1,7,0,8,1520
2025-10-06,Mon,0,6,7,1,3,9,3,3,1521
2025-10-07,Tue,2,5,6,4,8,9,3,1,1522
2025-10-08,Wed,2,3,6,2,4,9,1,5,1523
2025-10-09,Thu,3,3,8,6,6,8,4,0,1524
2025-10-10,Fri,4,6,8,0,2,5,8,7,1525
2025-10-11,Sat,1,2,6,2,2,7,9,1,1526
2025-10-12,Sun,1,7,8,3,6,8,6,7,1527
2025-10-13,Mon,4,4,8,4,6,9,6,9,1528
2025-10-14,Tue,1,2,6,6,7,9,9,2,1529
2025-10-15,Wed,1,7,8,1,5,8,6,4,1530
2025-10-16,Thu,0,3,5,1,2,3,8,6,1531
2025-10-17,Fri,1,4,6,0,7,9,1,6,1532
2025-10-18,Sat,0,2,6,2,5,8,8,5,1533
2025-10-19,Sun,0,5,7,1,4,7,2,2,1534
2025-10-21,Tue,0,3,9,3,8,9,2,0,1535
2025-10-22,Wed,1,3,9,0,1,6,3,7,1536
2025-10-23,Thu,2,7,9,1,5,8,8,4,1537
2025-10-24,Fri,4,7,8,2,3,4,9,9,1538
2025-10-25,Sat,0,1,2,5,7,9,3,1,1539
2025-10-26,Sun,3,5,9,4,8,9,7,1,1540
2025-10-27,Mon,1,8,9,0,4,5,8,9,1541
2025-10-28,Tue,0,1,6,0,8,9,7,7,1542
2025-10-29,Wed,2,6,7,3,4,4,5,1,1543
2025-10-30,Thu,1,6,8,1,3,8,5,2,1544
2025-10-31,Fri,1,2,5,1,6,7,8,4,1545
2025-11-01,Sat,3,4,5,1,4,5,2,0,1546
2025-11-02,Sun,0,3,6,1,2,9,9,2,1547
2025-11-03,Mon,0,1,5,0,5,7,6,2,1548
2025-11-04,Tue,3,5,6,0,3,7,4,0,1549
2025-11-05,Wed,1,6,9,2,5,9,6,6,1550
2025-11-06,Thu,0,3,5,2,3,6,8,1,1551
2025-11-07,Fri,3,3,8,0,2,9,4,1,1552
2025-11-08,Sat,5,8,9,3,4,9,2,6,1553
2025-11-09,Sun,4,7,9,2,3,7,0,2,1554
2025-11-10,Mon,3,8,9,2,5,9,0,6,1555
2025-11-11,Tue,3,4,5,0,3,4,2,7,1556
2025-11-12,Wed,3,6,9,0,3,8,8,1,1557
2025-11-13,Thu,0,1,3,1,7,9,4,7,1558
2025-11-14,Fri,8,9,9,1,3,3,6,7,1559
2025-11-15,Sat,5,7,9,0,2,5,1,7,1560
2025-11-16,Sun,7,7,9,2,4,8,3,4,1561
2025-11-17,Mon,2,5,7,5,8,9,4,2,1562
2025-11-18,Tue,5,6,7,1,1,3,8,5,1563
2025-11-19,Wed,5,7,9,2,6,9,1,7,1564
2025-11-20,Thu,6,7,8,1,3,6,1,0,1565
2025-11-21,Fri,4,6,7,5,6,8,7,9,1566
2025-11-22,Sat,3,8,9,0,1,8,0,9,1567
2025-11-23,Sun,3,7,8,0,4,6,8,0,1568
2025-11-24,Mon,1,2,4,2,4,8,7,4,1569
2025-11-25,Tue,0,7,9,0,5,6,6,1,1570
2025-11-26,Wed,1,5,6,0,2,7,2,9,1571
2025-11-27,Thu,5,6,8,3,4,5,9,2,1572
2025-11-28,Fri,1,4,7,4,5,8,2,7,1573
2025-11-29,Sat,3,4,9,1,3,8,6,2,1574
2025-11-30,Sun,2,8,9,2,4,8,9,4,1575
2025-12-01,Mon,2,4,6,2,4,9,2,5,1576
2025-12-02,Tue,4,5,9,5,8,8,8,1,1577
2025-12-03,Wed,0,4,6,5,6,8,0,9,1578
2025-12-04,Thu,1,3,8,3,4,6,2,3,1579
2025-12-05,Fri,3,6,9,3,4,8,8,5,1580
2025-12-06,Sat,1,4,7,1,6,6,2,3,1581
2025-12-07,Sun,3,5,9,4,7,9,7,0,1582
2025-12-08,Mon,3,6,7,1,2,8,6,1,1583
2025-12-09,Tue,2,4,7,1,8,9,3,8,1584
2025-12-10,Wed,2,3,6,0,4,6,1,0,1585
2025-12-11,Thu,3,6,9,2,6,7,8,5,1586
2025-12-12,Fri,4,5,5,0,4,9,4,3,1587
2025-12-13,Sat,5,9,9,4,5,7,3,6,1588
2025-12-14,Sun,0,7,9,2,3,4,6,9,1589
2025-12-15,Mon,6,7,9,3,3,5,2,1,1590
2025-12-16,Tue,0,7,9,0,2,5,6,7,1591
2025-12-17,Wed,6,7,9,4,6,7,2,7,1592
2025-12-18,Thu,0,4,4,0,2,5,8,7,1593
2025-12-19,Fri,0,5,9,1,3,7,4,1,1594
2025-12-20,Sat,3,7,8,3,4,9,8,6,1595
2025-12-21,Sun,3,4,7,0,8,9,4,7,1596
2025-12-22,Mon,3,7,8,7,8,9,8,4,1597
2025-12-23,Tue,2,2,8,0,3,8,2,1,1598
2025-12-24,Wed,4,8,8,0,3,4,0,7,1599
2025-12-25,Thu,0,6,7,4,8,9,3,1,1600
2025-12-26,Fri,1,5,9,2,2,6,5,0,1601
2025-12-27,Sat,0,4,9,1,5,5,3,1,1602
2025-12-28,Sun,6,8,9,6,7,9,3,2,1603
2025-12-29,Mon,1,3,4,3,7,9,8,9,1604
2025-12-30,Tue,4,7,9,5,6,9,0,0,1605
2025-12-31,Wed,6,7,9,1,3,9,2,3,1606
2026-01-01,Thu,0,1,2,2,3,4,3,9,1607
2026-01-02,Fri,1,3,5,3,3,6,9,2,1608
2026-01-03,Sat,4,6,9,0,1,6,9,7,1609
2026-01-04,Sun,5,7,8,3,4,5,0,2,1610
2026-01-05,Mon,6,7,7,1,6,8,0,5,1611
2026-01-06,Tue,0,2,2,0,5,6,4,1,1612
2026-01-07,Wed,0,3,5,4,8,9,8,1,1613
2026-01-08,Thu,1,3,7,1,2,9,1,2,1614
2026-01-09,Fri,1,8,9,6,8,9,8,3,1615
2026-01-10,Sat,0,4,5,0,3,7,9,0,1616
2026-01-11,Sun,0,2,4,0,5,7,6,2,1617
2026-01-12,Mon,2,8,9,3,5,5,9,3,1618
2026-01-13,Tue,2,2,8,3,5,8,2,6,1619
2026-01-14,Wed,1,2,2,1,5,7,5,3,1620
2026-01-15,Thu,0,7,8,1,3,5,5,9,1621
2026-01-16,Fri,0,3,7,0,0,2,0,2,1622
2026-01-17,Sat,0,7,9,3,5,8,6,6,1623
2026-01-18,Sun,1,3,4,4,5,9,8,8,1624
2026-01-19,Mon,1,5,6,0,2,4,2,6,1625
2026-01-20,Tue,5,6,9,0,1,2,0,3,1626
2026-01-21,Wed,5,9,9,1,3,8,3,2,1627
2026-01-22,Thu,2,7,9,0,3,8,8,1,1628
2026-01-23,Fri,3,4,9,0,1,9,6,0,1629
2026-01-24,Sat,2,3,4,1,8,9,9,8,1630
2026-01-25,Sun,0,4,7,3,6,6,1,5,1631
2026-01-27,Tue,0,2,4,2,5,8,6,5,1632
2026-01-28,Wed,4,8,9,0,3,9,1,2,1633
2026-01-29,Thu,0,7,9,2,6,7,6,5,1634
2026-01-30,Fri,1,1,4,3,8,9,6,0,1635
2026-01-31,Sat,4,5,9,3,5,6,8,4,1636
2026-02-01,Sun,7,9,9,3,8,9,5,0,1637
2026-02-02,Mon,2,5,7,6,6,7,4,9,1638
2026-02-03,Tue,5,6,8,4,5,6,9,5,1639
2026-02-04,Wed,0,6,8,3,5,7,4,5,1640
2026-02-05,Thu,3,6,9,4,8,9,8,1,1641
2026-02-06,Fri,2,5,7,6,7,9,4,2,1642
2026-02-07,Sat,7,8,9,5,8,9,4,2,1643
2026-02-08,Sun,1,4,8,2,3,7,3,2,1644
2026-02-09,Mon,5,8,8,0,4,7,1,1,1645
2026-02-10,Tue,1,3,5,0,1,4,9,5,1646
2026-02-11,Wed,0,2,9,1,4,7,1,2,1647
2026-02-12,Thu,1,2,7,0,4,8,0,2,1648
2026-02-13,Fri,0,6,8,2,6,7,4,5,1649
2026-02-14,Sat,4,8,9,0,8,9,1,7,1650
2026-02-15,Sun,4,5,8,5,6,8,7,9,1651
2026-02-16,Mon,0,2,9,1,5,6,1,2,1652
2026-02-17,Tue,5,6,8,0,5,7,9,2,1653
2026-02-18,Wed,6,7,8,6,8,9,1,3,1654
2026-02-19,Thu,0,6,8,4,7,9,4,0,1655
2026-02-20,Fri,1,3,5,4,5,7,9,6,1656
2026-02-21,Sat,4,7,8,6,8,9,9,3,1657
2026-02-22,Sun,3,5,6,2,4,5,4,1,1658
2026-02-23,Mon,4,7,8,2,2,8,9,2,1659
2026-02-24,Tue,5,7,8,4,5,6,0,5,1660
2026-02-25,Wed,2,3,7,1,5,5,2,1,1661
2026-02-26,Thu,5,7,9,4,5,6,1,5,1662
2026-02-27,Fri,6,8,9,2,2,5,3,9,1663
2026-02-28,Sat,0,3,8,1,2,8,1,1,1664
2026-03-01,Sun,0,4,5,2,7,8,9,7,1665
2026-03-02,Mon,3,7,9,1,5,8,9,4,1666
2026-03-03,Tue,6,7,9,0,6,7,2,3,1667
2026-03-05,Thu,2,4,7,6,7,8,3,1,1668
2026-03-06,Fri,0,4,5,1,1,9,9,1,1669
2026-03-07,Sat,2,2,7,5,6,9,1,0,1670
2026-03-08,Sun,3,4,6,3,5,9,3,7,1671
2026-03-09,Mon,3,4,5,0,1,9,2,0,1672
2026-03-10,Tue,2,7,7,0,1,7,6,8,1673
2026-03-11,Wed,2,8,9,1,4,6,9,1,1674
2026-03-12,Thu,0,4,8,0,5,6,2,1,1675
2026-03-13,Fri,4,7,9,5,6,6,0,7,1676
2026-03-14,Sat,0,5,8,2,4,7,3,3,1677
2026-03-15,Sun,0,4,9,3,4,5,3,2,1678
2026-03-16,Mon,0,1,3,4,7,9,4,0,1679
2026-03-17,Tue,4,7,8,0,4,8,9,2,1680
2026-03-18,Wed,4,7,9,6,7,9,0,2,1681
2026-03-19,Thu,3,4,5,1,1,8,2,0,1682
2026-03-20,Fri,1,2,8,4,4,5,1,3,1683
2026-03-21,Sat,0,4,8,6,7,7,2,0,1684
2026-03-22,Sun,1,4,8,5,5,9,3,9,1685
2026-03-23,Mon,2,4,7,5,8,9,3,2,1686
2026-03-24,Tue,5,7,9,6,9,9,1,4,1687
2026-03-25,Wed,0,2,6,5,6,7,8,8,1688
2026-03-26,Thu,3,8,9,4,7,9,0,0,1689
2026-03-27,Fri,4,6,8,4,7,9,8,0,1690
2026-03-28,Sat,3,6,8,4,7,8,7,9,1691
2026-03-29,Sun,0,4,9,1,3,8,3,2,1692
2026-03-30,Mon,0,3,9,3,5,6,2,4,1693
2026-03-31,Tue,5,8,9,4,5,7,2,6,1694
2026-04-01,Wed,4,8,9,6,7,9,1,2,1695
2026-04-02,Thu,0,6,6,7,8,9,2,4,1696
2026-04-03,Fri,5,6,9,2,4,5,0,1,1697
2026-04-04,Sat,2,4,6,0,3,6,2,9,1698
2026-04-05,Sun,0,7,8,1,2,6,5,9,1699
2026-04-06,Mon,4,7,7,5,8,9,8,2,1700
2026-04-07,Tue,1,2,6,1,3,3,9,7,1701
2026-04-08,Wed,3,7,8,2,3,4,8,9,1702
2026-04-09,Thu,0,5,8,2,6,8,3,6,1703
2026-04-10,Fri,1,6,8,2,4,6,5,2,1704
2026-04-11,Sat,1,3,4,5,8,8,8,1,1705
2026-04-12,Sun,6,7,8,3,8,9,1,0,1706
2026-04-13,Mon,2,4,6,2,7,9,2,8,1707
2026-04-14,Tue,6,6,7,3,6,8,9,7,1708
2026-04-15,Wed,3,5,7,6,7,9,5,2,1709
2026-04-16,Thu,4,5,6,3,5,8,5,6,1710
2026-04-17,Fri,0,4,6,0,2,9,0,1,1711
2026-04-18,Sat,0,4,6,7,8,9,0,4,1712
2026-04-19,Sun,6,8,9,3,4,9,3,6,1713
2026-04-20,Mon,0,1,9,2,3,6,0,1,1714
2026-04-21,Tue,0,3,8,0,1,2,1,3,1715
2026-04-22,Wed,4,4,8,3,3,6,6,2,1716
2026-04-23,Thu,0,1,2,0,1,7,3,8,1717
2026-04-24,Fri,3,5,6,2,5,9,4,6,1718
2026-04-25,Sat,3,4,6,2,3,6,3,1,1719
2026-04-26,Sun,5,6,7,5,6,9,8,0,1720
2026-04-27,Mon,2,5,6,2,3,9,3,4,1721
2026-04-28,Tue,3,5,8,1,4,7,6,2,1722
2026-04-29,Wed,1,6,6,4,4,9,3,7,1723
2026-04-30,Thu,0,4,9,4,5,8,3,7,1724
2026-05-01,Fri,4,5,6,0,3,9,5,2,1725
2026-05-02,Sat,6,8,9,1,5,8,3,4,1726
2026-05-03,Sun,3,7,9,3,4,8,9,5,1727
2026-05-04,Mon,2,6,7,3,3,6,5,2,1728
2026-05-05,Tue,6,7,8,2,4,9,1,5,1729
2026-05-06,Wed,1,2,6,1,4,6,9,1,1730
2026-05-07,Thu,2,3,6,0,1,4,1,5,1731
2026-05-08,Fri,2,2,4,1,3,8,8,2,1732
2026-05-09,Sat,0,4,7,6,9,9,1,4,1733
2026-05-10,Sun,1,6,9,0,1,3,6,4,1734
2026-05-11,Mon,0,2,7,6,8,9,9,3,1735
2026-05-12,Tue,0,5,6,2,3,8,1,3,1736
2026-05-13,Wed,2,2,5,6,7,8,9,1,1737
2026-05-14,Thu,2,8,9,2,7,8,9,7,1738
2026-05-15,Fri,0,1,5,2,7,8,6,7,1739
2026-05-16,Sat,0,1,8,0,3,4,9,7,1740
2026-05-17,Sun,3,5,7,0,2,3,5,5,1741
2026-05-18,Mon,2,8,9,1,2,5,9,8,1742
2026-05-19,Tue,3,8,9,2,5,7,0,4,1743
2026-05-20,Wed,0,6,7,3,4,9,3,6,1744
2026-05-21,Thu,3,7,9,3,7,8,9,8,1745
2026-05-22,Fri,1,5,9,4,6,8,5,8,1746
2026-05-23,Sat,3,4,8,0,0,2,5,2,1747
2026-05-24,Sun,0,4,6,2,5,6,0,3,1748
2026-05-25,Mon,1,6,8,4,7,8,5,9,1749
2026-05-26,Tue,6,8,9,3,7,8,3,8,1750
2026-05-27,Wed,1,6,7,5,6,9,4,0,1751
2026-05-28,Thu,0,1,1,3,6,7,2,6,1752
2026-05-29,Fri,0,8,9,1,2,5,7,8,1753
2026-05-30,Sat,2,2,9,1,7,9,3,7,1754
2026-05-31,Sun,5,6,9,5,8,9,0,2,1755
2026-06-01,Mon,3,7,9,1,2,7,9,0,1756
2026-06-02,Tue,0,4,5,0,5,9,9,4,1757
2026-06-03,Wed,0,2,4,5,7,8,6,0,1758
2026-06-04,Thu,0,3,9,0,2,6,2,8,1759
2026-06-05,Fri,1,5,6,1,4,7,2,2,1760
2026-06-06,Sat,4,6,7,3,4,4,7,1,1761
2026-06-07,Sun,5,7,9,6,7,9,1,2,1762
2026-06-08,Mon,0,1,2,4,6,7,3,7,1763
2026-06-09,Tue,5,6,7,1,3,7,8,1,1764
2026-06-10,Wed,4,5,7,6,7,9,6,2,1765
2026-06-11,Thu,3,6,7,3,5,7,6,5,1766
2026-06-12,Fri,4,5,9,0,4,9,8,3,1767
2026-06-13,Sat,0,1,2,3,8,9,3,0,1768
2026-06-14,Sun,4,5,7,2,5,8,6,5,1769
2026-06-15,Mon,1,3,8,1,3,5,2,9,1770
2026-06-16,Tue,2,7,9,4,7,8,8,9,1771
2026-06-17,Wed,1,4,9,6,7,9,4,2,1772
2026-06-18,Thu,2,4,6,3,4,5,2,2,1773
2026-06-19,Fri,2,8,9,0,3,9,9,2,1774
2026-06-20,Sat,4,5,8,3,6,7,7,6,1775
2026-06-21,Sun,3,6,9,3,6,9,8,8,1776
2026-06-22,Mon,3,4,9,0,4,9,6,3,1777
2026-06-23,Tue,2,4,6,3,5,6,2,4,1778
2026-06-24,Wed,1,9,9,3,5,6,9,4,1779
2026-06-25,Thu,0,5,7,4,5,9,2,8,1780
2026-06-26,Fri,5,6,7,1,2,7,8,0,1781
2026-06-27,Sat,4,5,9,0,4,6,8,0,1782
