Date,Morning_Panna,Morning_number,Evening_number,Evening_Panna
2014-05-19,580,3,9,126
2014-05-20,236,1,3,490
2014-05-21,467,7,3,779
2014-05-22,134,8,4,400
2014-05-23,457,6,5,456
2014-05-24,123,6,7,340
2014-05-25,147,2,7,377
2014-05-26,135,9,8,440
2014-05-27,467,7,7,160
2014-05-28,240,6,2,246
2014-05-29,126,9,0,488
2014-05-30,668,0,8,350
2014-05-31,259,6,9,126
2014-06-01,180,9,6,556
2014-06-02,157,3,1,678
2014-06-03,124,7,3,120
2014-06-04,189,8,6,900
2014-06-05,588,1,0,578
2014-06-06,137,1,0,136
2014-06-07,239,4,7,160
2014-06-08,338,4,5,780
2014-06-09,569,0,1,380
2014-06-10,248,4,2,579
2014-06-11,378,8,5,159
2014-06-12,250,7,8,134
2014-06-13,566,7,6,349
2014-06-14,168,5,8,116
2014-06-15,350,8,9,379
2014-06-16,134,8,4,356
2014-06-17,370,0,1,128
2014-06-18,460,0,8,116
2014-06-19,129,2,8,260
2014-06-20,890,7,0,226
2014-06-21,459,8,9,199
2014-06-22,557,7,9,450
2014-06-23,115,7,2,138
2014-06-24,668,0,4,114
2014-06-25,340,7,5,889
2014-06-26,224,8,0,460
2014-06-27,257,4,3,355
2014-06-28,668,0,1,227
2014-06-29,160,7,5,168
2014-06-30,358,6,4,590
2014-07-01,247,3,6,240
2014-07-02,690,5,5,159
2014-07-03,227,1,6,240
2014-07-04,778,2,1,290
2014-07-05,289,9,0,389
2014-07-06,134,8,2,246
2014-07-07,667,9,2,480
2014-07-08,778,2,3,490
2014-07-09,457,6,3,256
2014-07-10,290,1,8,260
2014-07-11,128,1,3,689
2014-07-12,117,9,5,267
2014-07-13,459,8,6,169
2014-07-14,112,4,8,134
2014-07-15,120,3,6,277
2014-07-16,299,0,0,370
2014-07-17,268,6,6,556
2014-07-18,280,0,9,900
2014-07-19,349,6,5,500
2014-07-20,468,8,1,470
2014-07-21,380,1,6,899
2014-07-22,456,5,5,159
2014-07-23,188,7,5,249
2014-07-24,588,1,6,899
2014-07-25,140,5,1,128
2014-07-26,568,9,6,268
2014-07-27,134,8,9,478
2014-07-28,170,8,9,388
2014-07-29,***,*,*,***
2014-07-30,347,4,0,479
2014-07-31,788,3,3,490
2014-08-01,130,4,1,380
2014-08-02,238,3,3,580
2014-08-03,559,9,1,344
2014-08-04,470,1,4,455
2014-08-05,770,4,9,333
2014-08-06,229,3,2,110
2014-08-07,300,3,9,144
2014-08-08,478,9,1,290
2014-08-09,229,3,5,159
2014-08-10,***,*,*,***
2014-08-18,250,7,6,240
2014-08-19,550,0,7,467
2014-08-20,789,4,1,245
2014-08-21,123,6,6,466
2014-08-22,248,4,8,134
2014-08-23,567,8,4,167
2014-08-24,120,3,3,139
2014-08-25,470,1,3,229
2014-08-26,388,9,6,457
2014-08-27,457,6,8,350
2014-08-28,267,5,0,488
2014-08-29,680,4,4,356
2014-08-30,236,1,1,100
2014-08-31,389,0,2,129
2014-09-01,148,3,7,449
2014-09-02,400,4,0,127
2014-09-03,668,0,7,179
2014-09-04,156,2,3,355
2014-09-05,124,7,3,580
2014-09-06,577,9,9,117
2014-09-07,460,0,9,379
2014-09-08,690,5,3,580
2014-09-09,129,2,5,889
2014-09-10,789,4,0,677
2014-09-11,234,9,0,569
2014-09-12,688,2,6,277
2014-09-13,678,1,7,250
2014-09-14,678,1,7,250
2014-09-15,168,5,0,569
2014-09-16,499,2,3,157
2014-09-17,378,8,4,130
2014-09-18,224,8,2,480
2014-09-19,233,8,6,367
2014-09-20,127,0,4,347
2014-09-21,590,4,6,600
2014-09-22,233,8,4,446
2014-09-23,257,4,9,900
2014-09-24,112,4,9,568
2014-09-25,178,6,1,128
2014-09-26,890,7,3,788
2014-09-27,790,6,1,128
2014-09-28,689,3,4,266
2014-09-29,679,2,1,137
2014-09-30,168,5,8,279
2014-10-01,890,7,9,360
2014-10-02,377,3,8,279
2014-10-03,188,7,2,480
2014-10-04,660,2,0,370
2014-10-05,346,3,5,230
2014-10-06,115,7,5,889
2014-10-07,260,8,8,440
2014-10-08,377,7,1,146
2014-10-09,568,9,9,144
2014-10-10,126,9,9,559
2014-10-11,148,3,2,345
2014-10-12,238,3,5,357
2014-10-13,123,6,9,559
2014-10-14,579,1,7,566
2014-10-15,900,9,1,560
2014-10-16,157,3,8,459
2014-10-17,250,7,8,477
2014-10-18,599,3,7,124
2014-10-19,399,1,3,689
2014-10-27,***,*,*,***
2014-10-28,379,9,2,237
2014-10-29,248,4,1,489
2014-10-30,348,5,0,370
2014-10-31,356,4,3,166
2014-11-01,455,4,2,246
2014-11-02,346,3,1,678
2014-11-03,458,7,5,555
2014-11-04,790,6,4,590
2014-11-05,347,4,8,378
2014-11-06,238,3,4,770
2014-11-07,390,2,4,347
2014-11-08,138,2,3,157
2014-11-09,578,0,0,488
2014-11-10,228,2,6,899
2014-11-11,678,1,5,168
2014-11-12,890,7,7,188
2014-11-13,799,5,1,579
2014-11-14,120,3,1,290
2014-11-15,280,0,9,577
2014-11-16,699,4,1,344
2014-11-17,457,6,9,180
2014-11-18,359,7,6,556
2014-11-19,479,0,9,270
2014-11-20,477,8,2,570
2014-11-21,459,8,6,259
2014-11-22,123,6,0,550
2014-11-23,189,8,6,790
2014-11-24,158,4,5,267
2014-11-25,458,7,6,600
2014-11-26,580,3,9,469
2014-11-27,126,9,0,145
2014-11-28,478,9,2,246
2014-11-29,379,9,8,170
2014-11-30,345,2,9,199
2014-12-01,257,4,0,136
2014-12-02,139,3,2,589
2014-12-03,880,6,5,113
2014-12-04,129,2,6,268
2014-12-05,245,1,1,579
2014-12-06,390,2,9,478
2014-12-07,347,4,3,670
2014-12-08,450,9,5,258
2014-12-09,789,4,2,589
2014-12-10,338,4,0,190
2014-12-11,346,3,2,589
2014-12-12,479,0,6,150
2014-12-13,378,8,0,479
2014-12-14,188,7,7,557
2014-12-15,467,7,8,170
2014-12-16,489,1,7,458
2014-12-17,114,6,0,370
2014-12-18,270,9,3,120
2014-12-19,136,0,5,140
2014-12-20,134,8,1,380
2014-12-21,178,6,4,356
2014-12-22,600,6,6,367
2014-12-23,689,3,9,270
2014-12-24,167,4,3,229
2014-12-25,246,2,9,900
2014-12-26,290,1,9,379
2014-12-27,480,2,3,256
2014-12-28,335,1,2,237
2014-12-29,490,3,2,138
2014-12-30,240,6,6,358
2014-12-31,568,9,6,259
2015-01-01,135,9,9,117
2015-01-02,334,0,1,290
2015-01-03,890,7,9,126
2015-01-04,560,1,4,347
2016-03-07,129,2,8,990
2016-03-08,389,0,9,478
2016-03-09,459,8,9,568
2016-03-10,567,8,6,466
2016-03-11,237,2,8,468
2016-03-12,178,6,6,169
2016-03-13,379,9,2,147
2016-03-14,236,1,3,355
2016-03-15,570,2,3,157
2016-03-16,480,2,1,146
2016-03-17,690,5,0,127
2016-03-18,278,7,3,148
2016-03-19,270,9,5,357
2016-03-20,330,6,8,260
2016-03-21,249,5,1,380
2016-03-22,236,1,4,266
2016-03-23,235,0,4,112
2016-03-24,***,*,*,***
2016-03-25,478,9,9,559
2016-03-26,123,6,4,680
2016-03-27,590,4,3,779
2016-03-28,567,8,0,190
2016-03-29,125,8,5,456
2016-03-30,340,7,2,499
2016-03-31,245,1,1,236
2016-04-01,278,7,3,445
2016-04-02,400,4,0,578
2016-04-03,590,4,9,270
2016-04-04,368,7,9,126
2016-04-05,570,2,7,179
2016-04-06,890,7,0,235
2016-04-07,347,4,0,136
2016-04-08,278,7,3,247
2016-04-09,130,4,2,570
2016-04-10,900,9,8,666
2016-04-11,579,1,9,289
2016-04-12,450,9,1,489
2016-04-13,148,3,4,158
2016-04-14,360,9,3,589
2016-04-15,269,7,2,336
2016-04-16,469,9,2,147
2016-04-17,490,3,2,345
2016-04-18,245,1,8,350
2016-04-19,349,6,4,699
2016-04-20,270,9,1,227
2016-04-21,334,0,0,244
2016-04-22,566,7,9,117
2016-04-23,449,7,3,229
2016-04-24,799,5,5,140
2016-04-25,244,0,7,269
2016-04-26,556,6,8,134
2016-04-27,379,9,6,277
2016-04-28,350,8,8,189
2016-04-29,567,8,2,688
2016-04-30,680,4,9,577
2016-05-01,680,4,3,238
2016-05-02,360,9,6,259
2016-05-03,249,5,8,990
2016-05-04,589,2,5,159
2016-05-05,189,8,9,568
2016-05-06,249,5,8,350
2016-05-07,225,9,6,466
2016-05-08,268,6,6,349
2016-05-09,230,5,0,460
2016-05-10,478,9,5,267
2016-05-11,129,2,6,240
2016-05-12,458,7,0,136
2016-05-13,257,4,6,349
2016-05-14,900,9,6,178
2016-05-15,167,4,6,880
2016-05-16,237,2,1,128
2016-05-17,189,8,7,250
2016-05-18,157,3,0,389
2016-05-19,139,3,6,790
2016-05-20,670,3,0,569
2016-05-21,270,9,1,470
2016-05-22,799,5,1,588
2016-05-23,580,3,0,569
2016-05-24,167,4,3,120
2016-05-25,170,8,7,377
2016-05-26,136,0,9,450
2016-05-27,459,8,6,268
2016-05-28,389,0,3,670
2016-05-29,256,3,2,660
2016-05-30,467,7,9,126
2016-05-31,499,2,9,234
2016-06-01,110,2,5,159
2016-06-02,490,3,4,248
2016-06-03,338,4,6,790
2016-06-04,488,0,2,589
2016-06-05,559,9,0,145
2016-06-06,147,2,0,118
2016-06-07,448,6,5,339
2016-06-08,889,5,3,157
2016-06-09,378,8,7,458
2016-06-10,178,6,4,167
2016-06-11,347,4,8,260
2016-06-12,169,6,7,133
2016-06-13,900,9,0,145
2016-06-14,356,4,1,579
2016-06-15,129,2,9,289
2016-06-16,360,9,6,880
2016-06-17,248,4,0,569
2016-06-18,789,4,7,449
2016-06-19,570,2,9,144
2016-06-20,136,0,8,224
2016-06-21,688,2,2,156
2016-06-22,227,1,5,799
2016-06-23,336,2,2,778
2016-06-24,344,1,9,388
2016-06-25,668,0,1,579
2016-06-26,279,8,5,348
2016-06-27,170,8,2,147
2016-06-28,128,1,6,880
2016-06-29,224,8,3,238
2016-06-30,134,8,4,356
2016-07-01,126,9,9,289
2016-07-02,880,6,6,457
2016-07-03,278,7,9,379
2016-07-04,230,5,8,567
2016-07-05,359,7,1,777
2016-07-06,489,1,1,579
2016-07-07,***,*,*,***
2016-07-08,450,9,8,233
2016-07-09,489,1,4,149
2016-07-10,577,9,9,289
2016-07-11,340,7,6,790
2016-07-12,377,7,6,899
2016-07-13,119,1,3,148
2016-07-14,245,1,0,677
2016-07-15,237,2,4,789
2016-07-16,248,4,4,149
2016-07-17,489,1,3,670
2016-07-18,370,0,1,236
2016-07-19,278,7,4,338
2016-07-20,340,7,1,579
2016-07-21,390,2,0,578
2016-07-22,235,0,7,340
2016-07-23,567,8,6,178
2016-07-24,679,2,2,147
2016-07-25,290,1,9,360
2016-07-26,240,6,6,268
2016-07-27,128,1,8,459
2016-07-28,167,4,8,468
2016-07-29,138,2,4,680
2016-07-30,559,9,3,166
2016-07-31,330,6,4,248
2016-08-01,379,9,0,578
2016-08-02,118,0,5,339
2016-08-03,478,9,7,179
2016-08-04,223,7,5,249
2016-08-05,158,4,8,558
2016-08-06,114,6,3,599
2016-08-07,478,9,3,256
2016-08-08,379,9,7,340
2016-08-09,256,3,3,238
2016-08-10,245,1,4,112
2016-08-11,579,1,9,135
2016-08-12,138,2,2,147
2016-08-13,790,6,2,570
2016-08-14,680,4,8,189
2016-08-15,***,*,*,***
2016-08-16,238,3,2,570
2016-08-17,200,2,7,179
2016-08-18,489,1,4,149
2016-08-19,789,4,8,440
2016-08-20,669,1,7,188
2016-08-21,356,4,1,146
2016-08-22,480,2,7,467
2016-08-23,237,2,2,237
2016-08-24,269,7,0,190
2016-08-25,136,0,7,269
2016-08-26,448,6,5,258
2016-08-27,158,4,1,669
2016-08-28,479,0,3,139
2016-08-29,489,1,3,247
2016-08-30,468,8,1,489
2016-08-31,890,7,6,880
2016-09-01,269,7,0,389
2016-09-02,780,5,9,234
2016-09-03,260,8,8,189
2016-09-04,116,8,7,557
2016-09-05,600,6,0,569
2016-09-06,458,7,4,770
2016-09-07,233,8,6,899
2016-09-08,156,2,5,366
2016-09-09,224,8,1,380
2016-09-10,600,6,8,369
2016-09-11,349,6,6,899
2016-09-12,167,4,4,356
2016-09-13,123,6,6,790
2016-09-14,338,4,5,267
2016-09-15,568,9,6,240
2016-09-16,127,0,8,170
2016-09-17,389,0,8,170
2016-09-18,568,9,0,145
2016-09-19,390,2,1,245
2016-09-20,359,7,4,347
2016-09-21,579,1,2,237
2016-09-22,115,7,2,246
2016-09-23,239,4,9,577
2016-09-24,689,3,6,330
2016-09-25,225,9,0,488
2016-09-26,289,9,4,338
2016-09-27,136,0,0,578
2016-09-28,190,0,6,259
2016-09-29,479,0,4,239
2016-09-30,567,8,4,338
2016-10-01,445,3,1,128
2016-10-02,479,0,5,230
2016-10-03,248,4,3,355
2016-10-04,189,8,8,468
2016-10-05,250,7,8,260
2016-10-06,334,0,8,125
2016-10-07,128,1,1,137
2016-10-08,280,0,0,145
2016-10-09,880,6,5,122
2016-10-10,477,8,3,157
2016-10-11,459,8,1,236
2016-10-12,360,9,8,224
2016-10-13,240,6,0,190
2016-10-14,468,8,3,139
2016-10-15,279,8,3,580
2016-10-16,566,7,6,457
2016-10-17,248,4,9,126
2016-10-18,445,3,9,559
2016-10-19,177,5,8,134
2016-10-20,579,1,2,156
2016-10-21,279,8,0,226
2016-10-22,369,8,6,457
2016-10-23,137,1,0,235
2016-10-24,123,6,9,568
2016-10-25,349,6,2,480
2016-10-26,229,3,3,139
2016-10-27,367,6,2,390
2016-10-28,***,*,*,***
2016-10-29,***,*,*,***
2016-10-30,***,*,*,***
2016-11-07,489,1,5,348
2016-11-08,370,0,1,678
2016-11-09,120,3,0,235
2016-11-10,127,0,9,388
2016-11-11,389,0,4,680
2016-11-12,790,6,1,335
2016-11-13,138,2,4,257
2016-11-14,156,2,7,359
2016-11-15,380,1,1,290
2016-11-16,220,4,9,180
2016-11-17,470,1,1,344
2016-11-18,889,5,7,368
2016-11-19,258,5,4,130
2016-11-20,669,1,9,234
2016-11-21,179,7,9,469
2016-11-22,350,8,1,560
2016-11-23,355,3,2,679
2016-11-24,448,6,0,677
2016-11-25,358,6,9,225
2016-11-26,889,5,3,238
2016-11-27,247,3,7,368
2016-11-28,460,0,7,368
2016-11-29,240,6,7,566
2016-11-30,566,7,6,277
2016-12-01,223,7,5,690
2016-12-02,379,9,3,580
2016-12-03,146,1,0,578
2016-12-04,359,7,5,168
2016-12-05,678,1,9,289
2016-12-06,338,4,8,567
2016-12-07,556,6,6,178
2016-12-08,800,8,6,600
2016-12-09,358,6,9,450
2016-12-10,259,6,4,680
2016-12-11,180,9,4,167
2016-12-12,124,7,2,390
2016-12-13,466,6,8,260
2016-12-14,225,9,8,459
2016-12-15,157,3,8,125
2016-12-16,238,3,5,366
2016-12-17,468,8,3,300
2016-12-18,280,0,4,239
2016-12-19,300,3,9,144
2016-12-20,477,8,6,556
2016-12-21,679,2,1,470
2016-12-22,288,8,4,789
2016-12-23,468,8,2,246
2016-12-24,334,0,4,239
2016-12-25,246,2,4,699
2016-12-26,489,1,1,588
2016-12-27,159,5,8,567
2016-12-28,778,2,1,146
2016-12-29,778,2,2,138
2016-12-30,479,0,3,157
2016-12-31,660,2,9,450
2017-01-01,***,*,*,***
2017-01-02,244,0,7,115
2017-01-03,499,2,1,290
2017-01-04,567,8,4,130
2017-01-05,260,8,5,339
2017-01-06,235,0,3,139
2017-01-07,246,2,7,124
2017-01-08,357,5,4,149
2017-01-09,140,5,9,478
2017-01-10,180,9,8,990
2017-01-11,277,6,5,168
2017-01-12,189,8,7,124
2017-01-13,250,7,2,156
2017-01-14,358,6,0,190
2017-01-15,***,*,*,***
2017-01-16,247,3,0,145
2017-01-17,127,0,5,235
2017-01-18,127,0,7,160
2017-01-19,169,6,4,130
2017-01-20,357,5,1,137
2017-01-21,178,6,0,578
2017-01-22,279,8,1,380
2017-01-23,120,3,6,169
2017-01-24,700,7,9,667
2017-01-25,460,0,0,118
2017-01-26,***,*,*,***
2017-01-27,348,5,4,158
2017-01-28,246,2,0,136
2017-01-29,256,3,9,469
2017-01-30,139,3,2,129
2017-01-31,778,2,3,247
2017-02-01,890,7,1,560
2017-02-02,589,2,3,355
2017-02-03,457,6,3,670
2017-02-04,270,9,9,135
2017-02-05,368,7,7,340
2017-02-06,567,8,4,590
2017-02-07,116,8,0,668
2017-02-08,250,7,0,460
2017-02-09,278,7,5,122
2017-02-10,569,0,1,155
2017-02-11,330,6,2,110
2017-02-12,349,6,5,799
2017-02-13,679,2,4,347
2017-02-14,560,1,7,340
2017-02-15,556,6,1,236
2017-02-16,249,5,8,558
2017-02-17,590,4,1,399
2017-02-18,130,4,1,560
2017-02-19,115,7,1,579
2017-02-20,590,4,7,700
2017-02-21,190,0,9,568
2017-02-22,340,7,7,133
2017-02-23,560,1,8,477
2017-02-24,400,4,4,112
2017-02-25,346,3,1,470
2017-02-26,380,1,3,256
2017-02-27,456,5,4,130
2017-02-28,267,5,8,116
2017-03-01,447,5,3,788
2017-03-02,156,2,2,688
2017-03-03,568,9,2,237
2017-03-04,156,2,8,477
2017-03-05,257,4,2,570
2017-03-06,459,8,8,350
2017-03-07,589,2,4,770
2017-03-08,179,7,2,138
2017-03-09,889,5,5,258
2017-03-10,580,3,9,568
2017-03-11,136,0,5,690
2017-03-12,126,9,7,458
2017-03-13,***,*,*,***
2017-03-14,238,3,0,460
2017-03-15,778,2,5,339
2017-03-16,130,4,2,237
2017-03-17,237,2,2,679
2017-03-18,266,4,8,459
2017-03-19,167,4,6,259
2017-03-20,379,9,8,224
2017-03-21,167,4,8,170
2017-03-22,250,7,9,289
2017-03-23,458,7,8,800
2017-03-24,270,9,5,690
2017-03-25,122,5,0,280
2017-03-26,266,4,2,589
2017-03-27,349,6,7,566
2017-03-28,145,0,0,127
2017-03-29,220,4,1,137
2017-03-30,490,3,7,458
2017-03-31,360,9,9,180
2017-04-01,345,2,2,480
2017-04-02,570,2,0,190
2017-04-03,580,3,7,359
2017-04-04,346,3,9,144
2017-04-05,568,9,3,120
2017-04-06,250,7,2,156
2017-04-07,570,2,7,467
2017-04-08,180,9,4,149
2017-04-09,157,3,1,100
2017-04-10,449,7,2,390
2017-04-11,889,5,7,269
2017-04-12,134,8,6,178
2017-04-13,260,8,9,450
2017-04-14,178,6,0,136
2017-04-15,690,5,2,679
2017-04-16,800,8,1,128
2017-04-17,147,2,3,580
2017-04-18,126,9,1,245
2017-04-19,110,2,3,139
2017-04-20,578,0,3,490
2017-04-21,140,5,1,146
2017-04-22,578,0,9,379
2017-04-23,236,1,7,368
2017-04-24,168,5,7,667
2017-04-25,234,9,7,278
2017-04-26,890,7,5,230
2017-04-27,900,9,6,268
2017-04-28,123,6,2,246
2017-04-29,157,3,1,678
2017-04-30,359,7,9,180
2017-05-01,258,5,2,345
2017-05-02,169,6,3,229
2017-05-03,168,5,7,278
2017-05-04,468,8,9,379
2017-05-05,223,7,5,122
2017-05-06,177,5,6,899
2017-05-07,899,6,8,125
2017-05-08,179,7,0,127
2017-05-09,678,1,0,389
2017-05-10,279,8,9,469
2017-05-11,169,6,9,568
2017-05-12,347,4,0,569
2017-05-13,789,4,2,688
2017-05-14,157,3,0,136
2017-05-15,249,5,3,157
2017-05-16,578,0,3,670
2017-05-17,389,0,2,390
2017-05-18,113,5,5,267
2017-05-19,245,1,8,134
2017-05-20,350,8,7,124
2017-05-21,350,8,3,166
2017-05-22,100,1,6,358
2017-05-23,378,8,8,567
2017-05-24,224,8,3,256
2017-05-25,128,1,3,355
2017-05-26,579,1,1,119
2017-05-27,789,4,3,490
2017-05-28,460,0,3,139
2017-05-29,190,0,3,788
2017-05-30,579,1,6,448
2017-05-31,235,0,9,469
2017-06-01,178,6,4,167
2017-06-02,369,8,6,466
2017-06-03,140,5,9,270
2017-06-04,800,8,6,178
2017-06-05,348,5,0,389
2017-06-06,578,0,9,360
2017-06-07,156,2,2,570
2017-06-08,369,8,8,288
2017-06-09,248,4,3,346
2017-06-10,140,5,1,335
2017-06-11,147,2,6,358
2017-06-12,389,0,4,112
2017-06-13,289,9,9,180
2017-06-14,689,3,9,379
2017-06-15,259,6,3,346
2017-06-16,246,2,0,127
2017-06-17,880,6,7,124
2017-06-18,370,0,6,178
2017-06-19,789,4,7,458
2017-06-20,590,4,7,223
2017-06-21,340,7,6,448
2017-06-22,239,4,0,280
2017-06-23,125,8,6,178
2017-06-24,347,4,0,460
2017-06-25,139,3,8,170
2017-06-26,***,*,*,***
2017-06-27,268,6,5,140
2017-06-28,470,1,3,148
2017-06-29,459,8,2,147
2017-06-30,236,1,7,133
2017-07-01,678,1,2,138
2017-07-02,568,9,5,230
2017-07-03,139,3,6,556
2017-07-04,350,8,7,340
2017-07-05,580,3,7,124
2017-07-06,358,6,5,780
2017-07-07,247,3,6,790
2017-07-08,179,7,2,147
2017-07-09,377,7,2,499
2017-07-10,566,7,9,225
2017-07-11,789,4,3,148
2017-07-12,990,8,7,250
2017-07-13,280,0,7,467
2017-07-14,127,0,5,690
2017-07-15,123,6,8,288
2017-07-16,248,4,1,380
2017-07-17,479,0,2,499
2017-07-18,116,8,9,234
2017-07-19,257,4,1,128
2017-07-20,567,8,8,468
2017-07-21,257,4,6,790
2017-07-22,169,6,6,457
2017-07-23,489,1,0,235
2017-07-24,380,1,5,267
2017-07-25,128,1,5,690
2017-07-26,148,3,8,440
2017-07-27,689,3,1,146
2017-07-28,136,0,0,370
2017-07-29,158,4,8,279
2017-07-30,227,1,6,169
2017-07-31,378,8,1,470
2017-08-01,126,9,9,135
2017-08-02,239,4,6,790
2017-08-03,578,0,2,255
2017-08-04,279,8,7,377
2017-08-05,579,1,3,346
2017-08-06,360,9,4,239
2017-08-07,228,2,1,380
2017-08-08,470,1,5,339
2017-08-09,123,6,3,148
2017-08-10,580,3,8,567
2017-08-11,150,6,7,340
2017-08-12,489,1,9,478
2017-08-13,117,9,8,468
2017-08-14,125,8,2,688
2017-08-15,***,*,*,***
2017-08-16,590,4,9,126
2017-08-17,590,4,1,227
2017-08-18,116,8,1,137
2017-08-19,556,6,6,790
2017-08-20,160,7,1,236
2017-08-21,240,6,1,335
2017-08-22,256,3,9,360
2017-08-23,567,8,7,368
2017-08-24,138,2,7,467
2017-08-25,255,2,7,368
2017-08-26,280,0,4,338
2017-08-27,145,0,4,347
2017-08-28,147,2,3,689
2017-08-29,389,0,6,790
2017-08-30,120,3,2,589
2017-08-31,568,9,2,336
2017-09-01,248,4,4,789
2017-09-02,229,3,5,258
2017-09-03,340,7,5,168
2017-09-04,114,6,3,247
2017-09-05,345,2,1,155
2017-09-06,567,8,8,468
2017-09-07,136,0,7,250
2017-09-08,334,0,3,670
2017-09-09,455,4,2,228
2017-09-10,346,3,1,227
2017-09-11,157,3,9,450
2017-09-12,247,3,5,113
2017-09-13,448,6,5,168
2017-09-14,399,1,6,169
2017-09-15,559,9,9,568
2017-09-16,128,1,6,790
2017-09-17,667,9,1,678
2017-09-18,556,6,2,589
2017-09-19,577,9,8,170
2017-09-20,138,2,5,249
2017-09-21,149,4,5,456
2017-09-22,225,9,0,569
2017-09-23,148,3,2,147
2017-09-24,389,0,8,189
2017-09-25,270,9,1,399
2017-09-26,177,5,5,140
2017-09-27,379,9,3,157
2017-09-28,880,6,9,234
2017-09-29,790,6,9,478
2017-09-30,468,8,3,256
2017-10-01,157,3,1,137
2017-10-02,100,1,1,380
2017-10-03,347,4,9,360
2017-10-04,148,3,5,267
2017-10-05,100,1,1,137
2017-10-06,130,4,3,120
2017-10-07,135,9,1,470
2017-10-08,126,9,0,578
2017-10-09,379,9,9,888
2017-10-10,278,7,4,239
2017-10-11,660,2,7,557
2017-10-12,459,8,2,246
2017-10-13,467,7,5,366
2017-10-14,468,8,4,347
2017-10-15,***,*,*,***
2017-10-23,***,*,*,***
2017-10-24,***,*,*,***
2017-10-25,455,4,0,127
2017-10-26,348,5,6,240
2017-10-27,690,5,6,169
2017-10-28,189,8,7,124
2017-10-29,235,0,8,170
2017-10-30,447,5,3,670
2017-10-31,560,1,3,689
2017-11-01,226,0,7,890
2017-11-02,234,9,7,160
2017-11-03,288,8,4,257
2017-11-04,247,3,2,589
2017-11-05,178,6,9,135
2017-11-06,280,0,0,299
2017-11-07,567,8,4,266
2017-11-08,389,0,4,167
2017-11-09,125,8,3,148
2017-11-10,256,3,5,357
2017-11-11,347,4,9,568
2017-11-12,277,6,7,278
2017-11-13,339,5,8,125
2017-11-14,157,3,6,268
2017-11-15,237,2,8,558
2017-11-16,134,8,9,478
2017-11-17,346,3,1,227
2017-11-18,280,0,2,237
2017-11-19,177,5,2,246
2017-11-20,458,7,0,488
2017-11-21,128,1,9,144
2017-11-22,146,1,2,147
2017-11-23,190,0,5,258
2017-11-24,149,4,9,459
2017-11-25,990,8,9,135
2017-11-26,344,1,7,115
2017-11-27,788,3,8,800
2017-11-28,400,4,1,245
2017-11-29,267,5,9,568
2017-11-30,269,7,2,246
2017-12-01,244,0,6,790
2017-12-02,360,9,7,377
2017-12-03,258,5,0,370
2017-12-04,458,7,2,237
2017-12-05,137,1,1,236
2017-12-06,349,6,3,247
2017-12-07,128,1,6,178
2017-12-08,790,6,6,222
2017-12-09,119,1,9,559
2017-12-10,690,5,6,150
2017-12-11,170,8,0,460
2017-12-12,134,8,6,150
2017-12-13,158,4,7,566
2017-12-14,367,6,6,790
2017-12-15,567,8,4,590
2017-12-16,899,6,0,136
2017-12-17,359,7,6,899
2017-12-18,489,1,6,349
2017-12-19,228,2,9,900
2017-12-20,134,8,1,137
2017-12-21,460,0,7,179
2017-12-22,139,3,2,679
2017-12-23,678,1,5,339
2017-12-24,568,9,1,344
2017-12-25,360,9,2,499
2017-12-26,224,8,0,226
2017-12-27,459,8,0,668
2017-12-28,167,4,7,890
2017-12-29,578,0,5,690
2017-12-30,158,4,4,248
2017-12-31,129,2,6,457
2018-01-01,336,2,2,147
2018-01-02,267,5,0,334
2018-01-03,680,4,4,266
2018-01-04,169,6,3,788
2018-01-05,460,0,2,570
2018-01-06,690,5,6,150
2018-01-07,680,4,5,456
2018-01-08,255,2,8,224
2018-01-09,356,4,0,136
2018-01-10,130,4,5,447
2018-01-11,700,7,6,880
2018-01-12,179,7,1,137
2018-01-13,179,7,5,258
2018-01-14,***,*,*,***
2018-01-15,278,7,9,126
2018-01-16,357,5,9,180
2018-01-17,147,2,3,256
2018-01-18,135,9,4,257
2018-01-19,458,7,3,247
2018-01-20,127,0,7,359
2018-01-21,378,8,1,489
2018-01-22,458,7,8,468
2018-01-23,480,2,7,467
2018-01-24,335,1,3,238
2018-01-25,489,1,2,237
2018-01-26,***,*,*,***
2018-01-27,118,0,9,289
2018-01-28,359,7,6,600
2018-01-29,588,1,0,677
2018-01-30,357,5,1,236
2018-01-31,344,1,5,177
2018-02-01,590,4,7,250
2018-02-02,267,5,5,799
2018-02-03,348,5,1,678
2018-02-04,599,3,9,568
2018-02-05,378,8,0,235
2018-02-06,179,7,1,560
2018-02-07,558,7,0,136
2018-02-08,348,5,8,459
2018-02-09,368,7,0,280
2018-02-10,378,8,0,226
2018-02-11,356,4,0,145
2018-02-12,390,2,1,489
2018-02-13,135,9,8,260
2018-02-14,679,2,7,179
2018-02-15,245,1,3,157
2018-02-16,370,0,4,356
2018-02-17,269,7,0,677
2018-02-18,579,1,3,490
2018-02-19,260,8,8,260
2018-02-20,360,9,1,470
2018-02-21,225,9,9,270
2018-02-22,690,5,6,358
2018-02-23,479,0,8,288
2018-02-24,258,5,1,245
2018-02-25,450,9,1,290
2018-02-26,357,5,8,990
2018-02-27,279,8,7,160
2018-02-28,180,9,9,234
2018-03-01,170,8,2,147
2018-03-02,***,*,*,***
2018-03-03,340,7,2,156
2018-03-04,160,7,6,268
2018-03-05,157,3,4,699
2018-03-06,257,4,8,459
2018-03-07,456,5,5,258
2018-03-08,270,9,4,239
2018-03-09,480,2,5,889
2018-03-10,569,0,7,890
2018-03-11,137,1,2,246
2018-03-12,460,0,5,113
2018-03-13,115,7,3,355
2018-03-14,578,0,9,135
2018-03-15,668,0,3,346
2018-03-16,167,4,3,256
2018-03-17,180,9,4,590
2018-03-18,356,4,5,267
2018-03-19,356,4,5,500
2018-03-20,478,9,4,347
2018-03-21,147,2,6,367
2018-03-22,119,1,0,578
2018-03-23,568,9,5,168
2018-03-24,469,9,2,147
2018-03-25,558,8,2,246
2018-03-26,348,5,9,180
2018-03-27,237,2,5,690
2018-03-28,789,4,3,490
2018-03-29,266,4,3,120
2018-03-30,567,8,3,166
2018-03-31,134,8,8,170
2018-04-01,130,4,4,770
2018-04-02,167,4,0,569
2018-04-03,489,1,8,800
2018-04-04,570,2,5,348
2018-04-05,170,8,2,129
2018-04-06,169,6,0,479
2018-04-07,246,2,9,478
2018-04-08,349,6,0,118
2018-04-09,137,1,1,227
2018-04-10,249,5,5,799
2018-04-11,589,2,4,257
2018-04-12,118,0,8,134
2018-04-13,490,3,4,167
2018-04-14,600,6,1,236
2018-04-15,234,9,2,589
2018-04-16,123,6,9,478
2018-04-17,178,6,8,369
2018-04-18,330,6,5,159
2018-04-19,145,0,7,250
2018-04-20,234,9,5,456
2018-04-21,690,5,0,578
2018-04-22,569,0,8,477
2018-04-23,359,7,8,189
2018-04-24,229,3,6,899
2018-04-25,190,0,7,133
2018-04-26,449,7,9,379
2018-04-27,267,5,4,699
2018-04-28,128,1,2,778
2018-04-29,589,2,1,128
2018-04-30,480,2,9,126
2018-05-01,225,9,6,466
2018-05-02,288,8,7,458
2018-05-03,279,8,1,470
2018-05-04,248,4,8,189
2018-05-05,688,2,1,380
2018-05-06,245,1,8,567
2018-05-07,228,2,8,224
2018-05-08,390,2,1,588
2018-05-09,578,0,2,129
2018-05-10,224,8,7,467
2018-05-11,113,5,7,340
2018-05-12,377,7,6,150
2018-05-13,456,5,8,125
2018-05-14,158,4,2,345
2018-05-15,266,4,2,138
2018-05-16,790,6,2,147
2018-05-17,270,9,0,190
2018-05-18,127,0,8,260
2018-05-19,469,9,7,368
2018-05-20,669,1,9,379
2018-05-21,256,3,1,335
2018-05-22,667,9,9,478
2018-05-23,279,8,5,348
2018-05-24,567,8,1,245
2018-05-25,560,1,3,346
2018-05-26,335,1,7,467
2018-05-27,350,8,0,488
2018-05-28,480,2,3,247
2018-05-29,688,2,9,135
2018-05-30,289,9,4,167
2018-05-31,160,7,0,370
2018-06-01,339,5,6,880
2018-06-02,367,6,6,349
2018-06-03,459,8,8,260
2018-06-04,233,8,6,448
2018-06-05,368,7,7,359
2018-06-06,890,7,1,489
2018-06-07,890,7,1,489
2018-06-08,670,3,9,270
2018-06-09,350,8,6,240
2018-06-10,459,8,4,248
2018-06-11,133,7,4,338
2018-06-12,127,0,3,148
2018-06-13,237,2,3,490
2018-06-14,134,8,0,226
2018-06-15,457,6,8,369
2018-06-16,***,*,*,***
2018-06-17,***,*,*,***
2018-06-18,126,9,9,388
2018-06-19,240,6,1,579
2018-06-20,788,3,7,269
2018-06-21,139,3,3,157
2018-06-22,579,1,1,236
2018-06-23,230,5,7,133
2018-06-24,357,5,3,580
2018-06-25,450,9,3,157
2018-06-26,237,2,9,478
2018-06-27,134,8,0,235
2018-06-28,489,1,5,230
2018-06-29,357,5,9,289
2018-06-30,459,8,8,125
2018-07-01,240,6,2,228
2018-07-02,125,8,0,569
2018-07-03,290,1,6,150
2018-07-04,124,7,7,458
2018-07-05,567,8,1,290
2018-07-06,229,3,8,800
2018-07-07,159,5,5,447
2018-07-08,445,3,7,133
2018-07-09,368,7,5,500
2018-07-10,146,1,7,368
2018-07-11,123,6,9,270
2018-07-12,169,6,8,459
2018-07-13,230,5,9,478
2018-07-14,230,5,9,478
2018-07-15,257,4,0,370
2018-07-16,389,0,1,236
2018-07-17,227,1,3,490
2018-07-18,559,9,2,129
2018-07-19,135,9,2,138
2018-07-20,790,6,1,155
2018-07-21,266,4,0,578
2018-07-22,138,2,7,115
2018-07-23,569,0,7,449
2018-07-24,138,2,3,157
2018-07-25,350,8,7,237
2018-07-26,238,3,3,689
2018-07-27,790,6,4,167
2018-07-28,148,3,7,278
2018-07-29,148,3,7,278
2018-07-30,299,0,6,169
2018-07-31,567,8,2,336
2018-08-01,299,0,6,169
2018-08-02,345,2,8,567
2018-08-03,469,9,2,589
2018-08-04,178,6,1,137
2018-08-05,346,3,1,380
2018-08-06,379,9,1,669
2018-08-07,590,4,1,678
2018-08-08,360,9,3,139
2018-08-09,557,7,5,249
2018-08-10,234,9,5,780
2018-08-11,349,6,0,569
2018-08-12,223,7,5,456
2018-08-13,236,1,9,180
2018-08-14,234,9,8,567
2018-08-15,***,*,*,***
2018-08-16,150,6,0,668
2018-08-17,499,2,1,335
2018-08-18,370,0,5,780
2018-08-19,490,3,6,457
2018-08-20,130,4,5,889
2018-08-21,238,3,3,445
2018-08-22,146,1,4,248
2018-08-23,268,6,2,156
2018-08-24,399,1,4,234
2018-08-25,470,1,1,128
2018-08-26,***,*,*,***
2018-08-27,266,4,1,678
2018-08-28,336,2,0,488
2018-08-29,335,1,1,470
2018-08-30,579,1,6,466
2018-08-31,248,4,9,478
2018-09-01,220,4,0,226
2018-09-02,120,3,5,780
2018-09-03,158,4,9,379
2018-09-04,370,0,7,179
2018-09-05,267,5,5,780
2018-09-06,568,9,4,167
2018-09-07,334,0,0,370
2018-09-08,169,6,2,237
2018-09-09,245,1,0,145
2018-09-10,678,1,3,166
2018-09-11,125,8,8,369
2018-09-12,137,1,0,578
2018-09-13,180,9,3,157
2018-09-14,127,0,7,359
2018-09-15,599,3,6,349
2018-09-16,334,0,2,237
2018-09-17,258,5,3,166
2018-09-18,389,0,0,244
2018-09-19,378,8,0,127
2018-09-20,258,5,3,247
2018-09-21,260,8,7,368
2018-09-22,246,2,9,667
2018-09-23,***,*,*,***
2018-09-24,480,2,3,157
2018-09-25,137,1,4,590
2018-09-26,125,8,5,690
2018-09-27,246,2,1,380
2018-09-28,146,1,2,660
2018-09-29,270,9,6,178
2018-09-30,248,4,7,458
2018-10-01,258,5,7,269
2018-10-02,579,1,2,688
2018-10-03,167,4,8,134
2018-10-04,156,2,6,240
2018-10-05,390,2,5,177
2018-10-06,889,5,2,237
2018-10-07,136,0,9,144
2018-10-08,789,4,3,300
2018-10-09,578,0,9,667
2018-10-10,199,9,1,128
2018-10-11,148,3,8,170
2018-10-12,579,1,5,113
2018-10-13,168,5,4,699
2018-10-14,178,6,8,369
2018-10-15,126,9,1,335
2018-10-16,567,8,6,277
2018-10-17,370,0,9,469
2018-10-18,249,5,1,245
2018-10-19,569,0,1,137
2018-10-20,166,3,0,389
2018-10-21,146,1,4,680
2018-10-22,157,3,3,256
2018-10-23,247,3,0,235
2018-10-24,445,3,7,449
2018-10-25,570,2,8,459
2018-10-26,460,0,8,170
2018-10-27,234,9,7,115
2018-10-28,345,2,8,189
2018-10-29,357,5,9,568
2018-10-30,550,0,2,778
2018-10-31,389,0,8,170
2018-11-01,147,2,2,237
2018-11-02,790,6,4,167
2018-11-03,577,9,9,469
2018-11-04,***,*,*,***
2018-11-12,348,5,6,790
2018-11-13,489,1,2,166
2018-11-14,239,4,5,230
2018-11-15,550,0,2,228
2018-11-16,579,1,3,148
2018-11-17,569,0,4,158
2018-11-18,488,0,5,357
2018-11-19,250,7,9,667
2018-11-20,360,9,6,259
2018-11-21,149,4,4,680
2018-11-22,355,3,3,229
2018-11-23,240,6,4,789
2018-11-24,178,6,1,236
2018-11-25,279,8,4,347
2018-11-26,448,6,6,268
2018-11-27,168,5,1,119
2018-11-28,230,5,9,900
2018-11-29,118,0,9,360
2018-11-30,460,0,8,369
2018-12-01,340,7,4,699
2018-12-02,134,8,7,890
2018-12-03,340,7,8,260
2018-12-04,266,4,4,239
2018-12-05,179,7,8,170
2018-12-06,340,7,9,388
2018-12-07,166,3,6,330
2018-12-08,129,2,1,489
2018-12-09,233,8,9,289
2018-12-10,990,8,7,359
2018-12-11,117,9,7,340
2018-12-12,780,5,6,123
2018-12-13,177,5,6,358
2018-12-14,166,3,9,478
2018-12-15,148,3,2,246
2018-12-16,688,2,5,249
2018-12-17,240,6,1,489
2018-12-18,190,0,7,133
2018-12-19,589,2,3,670
2018-12-20,280,0,5,258
2018-12-21,477,8,5,799
2018-12-22,136,0,0,190
2018-12-23,779,3,3,670
2018-12-24,446,4,3,670
2018-12-25,269,7,9,225
2018-12-26,246,2,0,479
2018-12-27,890,7,9,478
2018-12-28,380,1,9,270
2018-12-29,250,7,6,259
2018-12-30,890,7,4,455
2018-12-31,113,5,1,588
2019-01-01,689,3,4,248
2019-01-02,457,6,9,478
2019-01-03,119,1,3,157
2019-01-04,228,2,2,679
2019-01-05,335,1,3,779
2019-01-06,360,9,5,456
2019-01-07,470,1,0,389
2019-01-08,245,1,2,345
2019-01-09,469,9,9,450
2019-01-10,260,8,1,146
2019-01-11,138,2,2,390
2019-01-12,668,0,2,147
2019-01-13,144,9,3,238
2019-01-14,129,2,6,899
2019-01-15,144,9,2,660
2019-01-16,238,3,6,268
2019-01-17,348,5,6,259
2019-01-18,459,8,5,249
2019-01-19,455,4,4,590
2019-01-20,224,8,9,388
2019-01-21,138,2,5,500
2019-01-22,770,4,9,450
2019-01-23,267,5,2,147
2019-01-24,113,5,9,478
2019-01-25,679,2,9,568
2019-01-26,***,*,*,***
2019-01-27,***,*,*,***
2019-01-28,158,4,1,489
2019-01-29,299,0,8,116
2019-01-30,148,3,2,156
2019-01-31,138,2,6,448
2019-02-01,137,1,3,166
2019-02-02,279,8,5,230
2019-02-03,467,7,6,268
2019-02-04,237,2,5,140
2019-02-05,125,8,5,258
2019-02-06,233,8,1,236
2019-02-07,239,4,8,800
2019-02-08,668,0,9,478
2019-02-09,366,5,2,246
2019-02-10,579,1,1,560
2019-02-11,123,6,5,780
2019-02-12,260,8,7,179
2019-02-13,239,4,1,470
2019-02-14,139,3,9,126
2019-02-15,389,0,3,148
2019-02-16,118,0,8,260
2019-02-17,278,7,5,249
2019-02-18,167,4,0,569
2019-02-19,350,8,8,125
2019-02-20,245,1,2,246
2019-02-21,167,4,2,345
2019-02-22,149,4,1,137
2019-02-23,348,5,2,156
2019-02-24,249,5,2,679
2019-02-25,140,5,2,237
2019-02-26,137,1,6,169
2019-02-27,289,9,1,236
2019-02-28,289,9,1,236
2019-03-01,466,6,6,448
2019-03-02,689,3,9,117
2019-03-03,689,3,9,117
2019-03-04,400,4,2,255
2019-03-05,113,5,8,567
2019-03-06,116,8,4,770
2019-03-07,467,7,6,457
2019-03-08,470,1,5,249
2019-03-09,147,2,1,245
2019-03-10,157,3,4,680
2019-03-11,660,2,6,259
2019-03-12,249,5,8,189
2019-03-13,360,9,8,279
2019-03-14,670,3,7,269
2019-03-15,127,0,6,150
2019-03-16,468,8,0,578
2019-03-17,189,8,1,290
2019-03-18,800,8,3,157
2019-03-19,269,7,1,137
2019-03-20,890,7,7,467
2019-03-21,***,*,*,***
2019-03-22,299,0,6,790
2019-03-23,478,9,4,446
2019-03-24,570,2,0,127
2019-03-25,447,5,1,588
2019-03-26,228,2,0,479
2019-03-27,688,2,6,114
2019-03-28,890,7,3,689
2019-03-29,223,7,4,770
2019-03-30,558,8,9,900
2019-03-31,257,4,7,269
2019-04-01,360,9,1,137
2019-04-02,680,4,1,128
2019-04-03,359,7,2,589
2019-04-04,460,0,2,237
2019-04-05,334,0,9,559
2019-04-06,679,2,0,235
2019-04-07,790,6,0,127
2019-04-08,399,1,0,280
2019-04-09,688,2,0,244
2019-04-10,248,4,0,145
2019-04-11,147,2,5,339
2019-04-12,134,8,8,224
2019-04-13,700,7,9,144
2019-04-14,478,9,7,458
2019-04-15,458,7,0,280
2019-04-16,180,9,8,378
2019-04-17,139,3,2,589
2019-04-18,469,9,7,340
2019-04-19,233,8,9,234
2019-04-20,266,4,9,478
2019-04-21,468,8,7,458
2019-04-22,567,8,0,118
2019-04-23,137,1,1,380
2019-04-24,450,9,4,158
2019-04-25,569,0,4,770
2019-04-26,360,9,1,380
2019-04-27,128,1,0,389
2019-04-28,488,0,7,269
2019-04-29,445,3,5,889
2019-04-30,578,0,3,256
2019-05-01,356,4,0,668
2019-05-02,337,3,4,356
2019-05-03,245,1,7,160
2019-05-04,278,7,3,599
2019-05-05,114,6,6,123
2019-05-06,560,1,1,489
2019-05-07,300,3,7,359
2019-05-08,568,9,8,567
2019-05-09,680,4,2,228
2019-05-10,168,5,0,244
2019-05-11,680,4,9,135
2019-05-12,259,6,3,779
2019-05-13,800,8,5,780
2019-05-14,780,5,5,168
2019-05-15,157,3,3,139
2019-05-16,780,5,1,470
2019-05-17,157,3,6,277
2019-05-18,124,7,1,236
2019-05-19,568,9,9,126
2019-05-20,359,7,3,247
2019-05-21,560,1,3,166
2019-05-22,234,9,6,240
2019-05-23,134,8,4,167
2019-05-24,167,4,1,227
2019-05-25,279,8,9,379
2019-05-26,890,7,1,236
2019-05-27,348,5,1,489
2019-05-28,678,1,8,468
2019-05-29,230,5,1,137
2019-05-30,179,7,2,679
2019-05-31,179,7,3,148
2019-06-01,578,0,2,138
2019-06-02,138,2,8,170
2019-06-03,110,2,3,238
2019-06-04,269,7,2,147
2019-06-05,169,6,6,178
2019-06-06,134,8,3,247
2019-06-07,149,4,8,134
2019-06-08,159,5,4,590
2019-06-09,189,8,8,134
2019-06-10,568,9,0,668
2019-06-11,135,9,3,670
2019-06-12,234,9,9,360
2019-06-13,150,6,4,167
2019-06-14,248,4,2,147
2019-06-15,270,9,6,899
2019-06-16,137,1,7,566
2019-06-17,899,6,5,177
2019-06-18,250,7,2,147
2019-06-19,112,4,2,778
2019-06-20,489,1,3,256
2019-06-21,138,2,9,199
2019-06-22,289,9,2,110
2019-06-23,168,5,7,250
2019-06-24,237,2,7,340
2019-06-25,224,8,0,578
2019-06-26,560,1,3,148
2019-06-27,489,1,7,467
2019-06-28,680,4,5,799
2019-06-29,248,4,0,569
2019-06-30,158,4,9,144
2019-07-01,900,9,5,690
2019-07-02,149,4,9,450
2019-07-03,128,1,8,567
2019-07-04,568,9,3,445
2019-07-05,180,9,6,790
2019-07-06,248,4,7,557
2019-07-07,780,5,6,114
2019-07-08,568,9,3,256
2019-07-09,567,8,4,149
2019-07-10,123,6,4,789
2019-07-11,300,3,2,679
2019-07-12,135,9,0,488
2019-07-13,467,7,3,670
2019-07-14,689,3,9,126
2019-07-15,569,0,4,347
2019-07-16,150,6,4,590
2019-07-17,358,6,3,157
2019-07-18,690,5,1,245
2019-07-19,129,2,1,579
2019-07-20,138,2,6,150
2019-07-21,100,1,9,126
2019-07-22,689,3,7,269
2019-07-23,459,8,6,169
2019-07-24,116,8,6,169
2019-07-25,600,6,4,446
2019-07-26,133,7,4,130
2019-07-27,560,1,8,134
2019-07-28,299,0,3,346
2019-07-29,360,9,7,700
2019-07-30,129,2,6,240
2019-07-31,240,6,4,590
2019-08-01,567,8,3,599
2019-08-02,268,6,0,479
2019-08-03,123,6,0,244
2019-08-04,138,2,2,679
2019-08-05,120,3,5,140
2019-08-06,226,0,1,100
2019-08-07,340,7,9,568
2019-08-08,347,4,4,257
2019-08-09,239,4,2,246
2019-08-10,249,5,5,168
2019-08-11,378,8,5,168
2019-08-12,489,1,6,259
2019-08-13,490,3,8,134
2019-08-14,180,9,8,459
2019-08-15,***,*,*,***
2019-08-16,136,0,6,349
2019-08-17,590,4,2,679
2019-08-18,389,0,4,356
2019-08-19,270,9,7,133
2019-08-20,257,4,6,114
2019-08-21,258,5,2,570
2019-08-22,270,9,7,223
2019-08-23,379,9,5,799
2019-08-24,450,9,6,114
2019-08-25,139,3,6,178
2019-08-26,460,0,2,147
2019-08-27,256,3,7,890
2019-08-28,347,4,8,369
2019-08-29,470,1,9,360
2019-08-30,128,1,1,489
2019-08-31,269,7,4,356
2019-09-01,340,7,5,267
2019-09-02,248,4,9,559
2019-09-03,137,1,0,578
2019-09-04,789,4,3,346
2019-09-05,150,6,2,570
2019-09-06,148,3,4,356
2019-09-07,489,1,1,236
2019-09-08,234,9,9,469
2019-09-09,124,7,9,559
2019-09-10,789,4,7,700
2019-09-11,130,4,5,780
2019-09-12,280,0,0,127
2019-09-13,134,8,5,159
2019-09-14,237,2,8,459
2019-09-15,259,6,7,124
2019-09-16,340,7,3,238
2019-09-17,338,4,7,377
2019-09-18,578,0,6,448
2019-09-19,370,0,3,148
2019-09-20,112,4,0,677
2019-09-21,130,4,6,259
2019-09-22,168,5,4,789
2019-09-23,589,2,0,389
2019-09-24,140,5,8,990
2019-09-25,224,8,7,449
2019-09-26,458,7,8,468
2019-09-27,479,0,8,224
2019-09-28,467,7,6,790
2019-09-29,179,7,9,135
2019-09-30,259,6,6,150
2019-10-01,238,3,0,127
2019-10-02,357,5,0,479
2019-10-03,233,8,1,290
2019-10-04,278,7,1,119
2019-10-05,246,2,3,300
2019-10-06,280,0,3,779
2019-10-07,156,2,1,146
2019-10-08,360,9,9,135
2019-10-09,568,9,5,339
2019-10-10,678,1,3,670
2019-10-11,250,7,1,678
2019-10-12,179,7,7,133
2019-10-13,137,1,7,115
2019-10-14,450,9,3,229
2019-10-15,358,6,1,290
2019-10-16,130,4,7,124
2019-10-17,334,0,6,169
2019-10-18,339,5,2,390
2019-10-19,680,4,8,260
2019-10-20,578,0,0,370
2019-10-21,249,5,2,589
2019-10-22,135,9,0,488
2019-10-23,457,6,5,159
2019-10-24,134,8,4,699
2019-10-25,***,*,*,***
2019-10-26,***,*,*,***
2019-10-27,***,*,*,***
2019-10-28,***,*,*,***
2019-10-29,***,*,*,***
2019-10-30,***,*,*,***
2019-10-31,***,*,*,***
2019-11-01,***,*,*,***
2019-11-02,***,*,*,***
2019-11-03,***,*,*,***
2019-11-04,338,4,9,667
2019-11-05,245,1,6,123
2019-11-06,177,5,5,230
2019-11-07,268,6,3,247
2019-11-08,123,6,0,280
2019-11-09,777,1,3,148
2019-11-10,230,5,4,789
2019-11-11,580,3,2,110
2019-11-12,178,6,1,669
2019-11-13,340,7,7,368
2019-11-14,358,6,8,567
2019-11-15,290,1,6,268
2019-11-16,600,6,5,889
2019-11-17,380,1,9,180
2019-11-18,578,0,0,136
2019-11-19,158,4,4,356
2019-11-20,670,3,7,250
2019-11-21,789,4,2,499
2019-11-22,345,2,8,224
2019-11-23,235,0,1,579
2019-11-24,157,3,6,600
2019-11-25,168,5,0,136
2019-11-26,890,7,5,230
2019-11-27,149,4,9,478
2019-11-28,125,8,9,577
2019-11-29,179,7,5,140
2019-11-30,458,7,2,390
2019-12-01,690,5,7,269
2019-12-02,347,4,6,268
2019-12-03,124,7,2,147
2019-12-04,228,2,4,167
2019-12-05,345,2,0,244
2019-12-06,469,9,2,679
2019-12-07,249,5,1,560
2019-12-08,678,1,7,124
2019-12-09,370,0,0,127
2019-12-10,236,1,2,138
2019-12-11,167,4,3,157
2019-12-12,239,4,3,670
2019-12-13,279,8,2,480
2019-12-14,247,3,4,680
2019-12-15,468,8,3,148
2019-12-16,667,9,2,390
2019-12-17,690,5,3,300
2019-12-18,679,2,6,330
2019-12-19,290,1,3,247
2019-12-20,468,8,4,680
2019-12-21,569,0,6,899
2019-12-22,477,8,7,124
2019-12-23,130,4,0,127
2019-12-24,139,3,8,378
2019-12-25,469,9,4,167
2019-12-26,357,5,9,234
2019-12-27,890,7,1,146
2019-12-28,478,9,7,278
2019-12-29,235,0,6,466
2019-12-30,269,7,0,389
2019-12-31,250,7,7,188
2020-01-01,235,0,9,117
2020-01-02,789,4,8,125
2020-01-03,360,9,5,159
2020-01-04,168,5,0,127
2020-01-05,248,4,9,199
2020-01-06,467,7,2,390
2020-01-07,228,2,6,457
2020-01-08,124,7,6,178
2020-01-09,399,1,7,458
2020-01-10,590,4,5,259
2020-01-11,378,8,8,170
2020-01-12,455,4,1,579
2020-01-13,467,7,0,460
2020-01-14,590,4,0,479
2020-01-15,580,3,0,569
2020-01-16,590,4,2,147
2020-01-17,235,0,3,157
2020-01-18,790,6,0,127
2020-01-19,579,1,5,159
2020-01-27,115,7,1,137
2020-01-28,399,1,3,445
2020-01-29,120,3,8,125
2020-01-30,579,1,2,147
2020-01-31,150,6,4,789
2020-02-01,157,3,5,258
2020-02-02,378,8,1,236
2020-02-03,478,9,4,590
2020-02-04,170,8,2,570
2020-02-05,689,3,7,124
2020-02-06,670,3,3,346
2020-02-07,268,6,6,330
2020-02-08,278,7,5,249
2020-02-09,269,7,5,357
2020-02-10,235,0,8,260
2020-02-11,160,7,7,890
2020-02-12,680,4,2,129
2020-02-13,179,7,0,479
2020-02-14,146,1,0,370
2020-02-15,448,6,8,170
2020-02-16,557,7,8,233
2020-02-17,467,7,3,490
2020-02-18,388,9,7,458
2020-02-19,239,4,8,459
2020-02-20,356,4,1,100
2020-02-21,126,9,6,349
2020-02-22,245,1,9,450
2020-02-23,567,8,1,470
2020-02-24,140,5,1,236
2020-02-25,379,9,0,578
2020-02-26,679,2,6,178
2020-02-27,457,6,6,277
2020-02-28,125,8,8,990
2020-02-29,348,5,3,445
2020-03-01,227,1,1,245
2020-03-02,269,7,9,568
2020-03-03,356,4,0,569
2020-03-04,240,6,5,357
2020-03-05,260,8,5,159
2020-03-06,116,8,1,137
2020-03-07,680,4,0,226
2020-03-08,259,6,4,455
2020-03-23,***,*,*,***
2020-03-24,***,*,*,***
2020-03-25,***,*,*,***
2020-03-26,***,*,*,***
2020-03-27,***,*,*,***
2020-03-28,***,*,*,***
2020-03-29,***,*,*,***
2020-03-30,***,*,*,***
2020-03-31,***,*,*,***
2020-04-01,***,*,*,***
2020-04-02,***,*,*,***
2020-04-03,***,*,*,***
2020-04-04,***,*,*,***
2020-04-05,***,*,*,***
2020-04-06,***,*,*,***
2020-04-07,***,*,*,***
2020-04-08,***,*,*,***
2020-04-09,***,*,*,***
2020-04-10,***,*,*,***
2020-04-11,***,*,*,***
2020-04-12,***,*,*,***
2020-04-13,123,6,5,159
2020-04-14,789,4,2,147
2020-04-15,278,7,9,180
2020-04-16,456,5,9,180
2020-04-17,378,8,7,124
2020-04-18,139,3,3,580
2020-04-19,456,5,6,178
2020-04-20,129,2,0,190
2020-04-21,370,0,4,400
2020-04-22,110,2,1,669
2020-04-23,125,8,9,199
2020-04-24,156,2,0,677
2020-04-25,223,7,1,335
2020-04-26,367,6,0,145
2020-04-27,247,3,9,199
2020-04-28,146,1,8,134
2020-04-29,156,2,3,355
2020-04-30,550,0,6,358
2020-05-01,279,8,3,229
2020-05-02,259,6,1,100
2020-05-03,266,4,7,250
2020-05-04,177,8,1,128
2020-05-05,278,7,6,600
2020-05-06,139,3,1,119
2020-05-07,239,4,2,679
2020-05-08,990,8,6,169
2020-05-09,226,0,0,127
2020-05-10,356,4,9,289
2020-05-11,360,9,9,126
2020-05-12,579,1,9,225
2020-05-13,380,1,0,569
2020-05-14,139,3,7,467
2020-05-15,490,3,0,479
2020-05-16,457,6,1,489
2020-05-17,135,9,5,258
2020-05-18,246,2,8,567
2020-05-19,490,3,2,679
2020-05-20,449,7,8,459
2020-05-21,146,1,7,368
2020-05-22,157,3,4,699
2020-05-23,188,7,2,156
2020-05-24,459,8,1,290
2020-05-25,366,5,1,678
2020-05-26,280,0,4,239
2020-05-27,357,5,2,246
2020-05-28,789,4,6,178
2020-05-29,257,4,2,480
2020-05-30,790,6,8,477
2020-05-31,269,7,2,345
2020-06-01,349,6,6,268
2020-06-02,357,5,1,560
2020-06-03,138,2,3,580
2020-06-04,123,6,0,370
2020-06-05,236,1,0,280
2020-06-06,122,5,0,136
2020-06-07,230,5,4,158
2020-06-08,460,0,5,348
2020-06-09,459,8,3,238
2020-06-10,456,5,2,345
2020-06-11,348,5,4,347
2020-06-12,280,0,0,226
2020-06-13,130,4,3,139
2020-06-14,780,5,6,240
2020-06-15,670,3,6,240
2020-06-16,335,1,1,489
2020-06-17,249,5,3,490
2020-06-18,260,8,7,133
2020-06-19,468,8,4,248
2020-06-20,780,5,7,278
2020-06-21,238,3,5,348
2020-06-22,457,6,0,226
2020-06-23,479,0,7,340
2020-06-24,140,5,2,589
2020-06-25,116,8,6,880
2020-06-26,237,2,8,567
2020-06-27,349,6,1,128
2020-06-28,468,8,0,389
2020-06-29,247,3,0,145
2020-06-30,267,5,0,136
2020-07-01,190,0,1,489
2020-07-02,347,4,1,678
2020-07-03,550,0,7,133
2020-07-04,239,4,7,557
2020-07-05,399,1,2,336
2020-07-06,679,2,4,158
2020-07-07,579,1,6,790
2020-07-08,490,3,1,470
2020-07-09,120,3,8,224
2020-07-10,138,2,1,137
2020-07-11,268,6,7,160
2020-07-12,234,9,7,467
2020-07-13,479,0,0,460
2020-07-14,126,9,7,467
2020-07-15,334,0,7,124
2020-07-16,389,0,2,570
2020-07-17,269,7,6,240
2020-07-18,127,0,0,190
2020-07-19,139,3,5,357
2020-07-20,240,6,8,279
2020-07-21,138,2,4,789
2020-07-22,120,3,5,690
2020-07-23,880,6,9,234
2020-07-24,550,0,9,667
2020-07-25,590,4,3,148
2020-07-26,345,2,8,800
2020-07-27,167,4,7,223
2020-07-28,567,8,0,460
2020-07-29,139,3,4,220
2020-07-30,460,0,8,468
2020-07-31,570,2,8,350
2020-08-01,267,5,9,135
2020-08-02,112,4,6,178
2020-08-03,334,0,5,122
2020-08-04,126,9,0,460
2020-08-05,279,8,4,338
2020-08-06,369,8,9,126
2020-08-07,258,5,0,127
2020-08-08,237,2,3,148
2020-08-09,344,1,3,256
2020-08-10,180,9,2,480
2020-08-11,379,9,8,378
2020-08-12,480,2,4,239
2020-08-13,789,4,4,257
2020-08-14,268,6,9,289
2020-08-15,***,*,*,***
2020-08-16,***,*,*,***
2020-08-17,678,1,8,125
2020-08-18,127,0,3,256
2020-08-19,569,0,1,245
2020-08-20,111,3,0,550
2020-08-21,240,6,6,178
2020-08-22,789,4,0,550
2020-08-23,***,*,*,***
2020-08-24,269,7,3,238
2020-08-25,158,4,4,400
2020-08-26,150,6,2,679
2020-08-27,235,0,6,150
2020-08-28,578,0,0,118
2020-08-29,148,3,6,114
2020-08-30,178,6,5,230
2020-08-31,589,2,6,790
2020-09-01,170,8,3,670
2020-09-02,170,8,3,580
2020-09-03,680,4,7,458
2020-09-04,124,7,6,367
2020-09-05,146,1,1,380
2020-09-06,347,4,6,600
2020-09-07,247,3,7,278
2020-09-08,125,8,5,348
2020-09-09,110,2,9,900
2020-09-10,237,2,6,556
2020-09-11,224,8,6,899
2020-09-12,156,2,4,356
2020-09-13,158,4,8,260
2020-09-14,145,0,2,255
2020-09-15,240,6,7,467
2020-09-16,678,1,4,400
2020-09-17,278,7,2,589
2020-09-18,145,0,7,269
2020-09-19,179,7,2,345
2020-09-20,149,4,0,479
2020-09-21,679,2,0,370
2020-09-22,440,8,1,678
2020-09-23,150,6,9,234
2020-09-24,890,7,2,129
2020-09-25,480,2,3,779
2020-09-26,350,8,3,238
2020-09-27,125,8,7,179
2020-09-28,139,3,8,459
2020-09-29,368,7,7,340
2020-09-30,189,8,0,299
2020-10-01,260,8,3,139
2020-10-02,459,8,3,445
2020-10-03,140,5,6,259
2020-10-04,247,3,5,357
2020-10-05,480,2,0,127
2020-10-06,245,1,2,390
2020-10-07,556,6,5,140
2020-10-08,180,9,7,377
2020-10-09,128,1,9,126
2020-10-10,145,0,6,222
2020-10-11,230,5,1,290
2020-10-12,118,0,8,125
2020-10-13,700,7,2,390
2020-10-14,344,1,2,110
2020-10-15,260,8,8,350
2020-10-16,380,1,4,149
2020-10-17,569,0,9,379
2020-10-18,134,8,8,990
2020-10-19,258,5,1,579
2020-10-20,357,5,2,589
2020-10-21,358,6,9,450
2020-10-22,468,8,7,449
2020-10-23,580,3,1,100
2020-10-24,588,1,3,490
2020-10-25,380,1,8,170
2020-10-26,478,9,4,112
2020-10-27,148,3,9,469
2020-10-28,157,3,5,159
2020-10-29,467,7,9,126
2020-10-30,467,7,1,146
2020-10-31,688,2,5,447
2020-11-01,250,7,6,349
2020-11-02,222,6,1,236
2020-11-03,559,9,1,290
2020-11-04,680,4,3,139
2020-11-05,560,1,3,580
2020-11-06,268,6,4,455
2020-11-07,450,9,1,669
2020-11-08,***,*,*,***
2020-11-09,***,*,*,***
2020-11-10,***,*,*,***
2020-11-11,***,*,*,***
2020-11-12,***,*,*,***
2020-11-13,***,*,*,***
2020-11-14,***,*,*,***
2020-11-15,***,*,*,***
2020-11-16,179,7,5,230
2020-11-17,780,5,0,370
2020-11-18,148,3,8,125
2020-11-19,449,7,5,159
2020-11-20,670,3,7,124
2020-11-21,267,5,0,190
2020-11-22,289,9,0,235
2020-11-23,134,8,1,155
2020-11-24,368,7,7,458
2020-11-25,238,3,3,355
2020-11-26,780,5,0,479
2020-11-27,180,9,5,447
2020-11-28,245,1,3,148
2020-11-29,167,4,6,358
2020-11-30,390,2,2,480
2020-12-01,158,4,0,389
2020-12-02,145,0,7,377
2020-12-03,290,1,1,290
2020-12-04,278,7,0,136
2020-12-05,890,7,9,360
2020-12-06,367,6,9,270
2020-12-07,789,4,1,399
2020-12-08,567,8,1,399
2020-12-09,399,1,3,490
2020-12-10,145,0,9,180
2020-12-11,456,5,2,570
2020-12-12,136,0,5,357
2020-12-13,457,6,1,236
2020-12-14,348,5,3,670
2020-12-15,233,8,2,200
2020-12-16,279,8,2,156
2020-12-17,259,6,8,279
2020-12-18,890,7,6,330
2020-12-19,260,8,6,358
2020-12-20,560,1,0,488
2020-12-21,450,9,7,467
2020-12-22,388,9,0,389
2020-12-23,350,8,5,339
2020-12-24,348,5,3,148
2020-12-25,146,1,0,244
2020-12-26,249,5,1,560
2020-12-27,450,9,7,377
2020-12-28,689,3,8,800
2020-12-29,379,9,7,278
2020-12-30,789,4,8,350
2020-12-31,569,0,5,799
2021-01-01,278,7,6,600
2021-01-02,338,4,6,358
2021-01-03,278,7,3,670
2021-01-04,279,8,2,156
2021-01-05,166,3,5,357
2021-01-06,580,3,4,770
2021-01-07,366,5,4,239
2021-01-08,490,3,2,660
2021-01-09,459,8,8,134
2021-01-10,679,2,6,114
2021-01-11,230,5,6,268
2021-01-12,450,9,1,560
2021-01-13,448,6,7,449
2021-01-14,220,4,2,246
2021-01-15,680,4,4,590
2021-01-16,250,7,7,890
2021-01-17,680,4,7,467
2021-01-18,570,2,8,125
2021-01-19,678,1,1,579
2021-01-20,145,0,1,236
2021-01-21,690,5,9,180
2021-01-22,379,9,5,339
2021-01-23,340,7,0,145
2021-01-24,689,3,2,228
2021-01-25,188,7,0,578
2021-01-26,***,*,*,***
2021-01-27,134,8,8,170
2021-01-28,579,1,9,568
2021-01-29,139,3,3,157
2021-01-30,460,0,9,289
2021-01-31,346,3,5,258
2021-02-01,368,7,5,780
2021-02-02,267,5,5,500
2021-02-03,135,9,8,990
2021-02-04,490,3,7,223
2021-02-05,348,5,3,111
2021-02-06,123,6,1,380
2021-02-07,780,5,7,467
2021-02-08,119,1,9,379
2021-02-09,170,8,4,789
2021-02-10,456,5,9,450
2021-02-11,170,8,9,135
2021-02-12,127,0,7,467
2021-02-13,115,7,6,123
2021-02-14,268,6,0,280
2021-02-15,789,4,2,129
2021-02-16,240,6,9,450
2021-02-17,470,1,7,124
2021-02-18,344,1,9,379
2021-02-19,145,0,3,247
2021-02-20,470,1,4,446
2021-02-21,357,5,8,468
2021-02-22,379,9,8,350
2021-02-23,249,5,5,140
2021-02-24,157,3,4,248
2021-02-25,460,0,7,278
2021-02-26,235,0,1,245
2021-02-27,225,9,3,247
2021-02-28,138,2,8,378
2021-03-01,589,2,1,236
2021-03-02,460,0,2,129
2021-03-03,799,5,4,257
2021-03-04,188,7,7,467
2021-03-05,338,4,1,560
2021-03-06,366,5,1,489
2021-03-07,140,5,0,127
2021-03-08,489,1,7,340
2021-03-09,239,4,2,110
2021-03-10,356,4,1,489
2021-03-11,224,8,4,248
2021-03-12,349,6,0,488
2021-03-13,367,6,8,279
2021-03-14,558,8,9,469
2021-03-15,269,7,8,567
2021-03-16,477,8,7,359
2021-03-17,678,1,4,400
2021-03-18,669,1,4,248
2021-03-19,134,8,1,128
2021-03-20,226,0,6,240
2021-03-21,347,4,2,499
2021-03-22,249,5,4,149
2021-03-23,567,8,3,346
2021-03-24,300,3,1,579
2021-03-25,240,6,3,670
2021-03-26,489,1,8,990
2021-03-27,667,9,5,258
2021-03-28,***,*,*,***
2021-03-29,***,*,*,***
2021-03-30,127,0,8,279
2021-03-31,123,6,6,790
2021-04-01,116,8,8,279
2021-04-02,255,2,1,137
2021-04-03,126,9,6,259
2021-04-04,155,1,1,137
2021-04-05,670,3,7,340
2021-04-06,467,7,2,390
2021-04-07,159,5,5,456
2021-04-08,389,0,5,159
2021-04-09,690,5,6,169
2021-04-10,166,3,4,257
2021-04-11,359,7,4,257
2021-04-12,450,9,6,457
2021-04-13,280,0,2,147
2021-04-14,557,7,1,146
2021-04-15,348,5,2,345
2021-04-16,390,2,8,440
2021-04-17,110,2,8,170
2021-04-18,359,7,0,668
2021-04-19,239,4,9,379
2021-04-20,137,1,1,588
2021-04-21,246,2,6,178
2021-04-22,567,8,1,470
2021-04-23,159,5,6,457
2021-04-24,678,1,3,346
2021-04-25,558,8,5,140
2021-04-26,345,2,1,489
2021-04-27,379,9,4,338
2021-04-28,113,5,1,399
2021-04-29,256,3,3,346
2021-04-30,124,7,7,250
2021-05-01,112,4,6,349
2021-05-02,379,9,4,257
2021-05-03,126,9,5,889
2021-05-04,379,9,1,137
2021-05-05,147,2,0,190
2021-05-06,560,1,0,677
2021-05-07,468,8,7,368
2021-05-08,335,1,7,368
2021-05-09,489,1,0,550
2021-05-10,157,3,4,680
2021-05-11,579,1,0,677
2021-05-12,260,8,3,689
2021-05-13,558,8,6,367
2021-05-14,160,7,7,377
2021-05-15,890,7,3,346
2021-05-16,289,9,7,278
2021-05-17,158,4,6,349
2021-05-18,170,8,9,450
2021-05-19,148,3,4,446
2021-05-20,236,1,7,124
2021-05-21,360,9,7,124
2021-05-22,267,5,8,279
2021-05-23,370,0,3,779
2021-05-24,368,7,7,269
2021-05-25,235,0,9,469
2021-05-26,225,9,5,456
2021-05-27,579,1,9,577
2021-05-28,489,1,6,268
2021-05-29,990,8,6,169
2021-05-30,680,4,5,140
2021-05-31,169,6,9,900
2021-06-01,346,3,0,389
2021-06-02,170,8,7,124
2021-06-03,468,8,0,389
2021-06-04,349,6,4,367
2021-06-05,128,1,9,270
2021-06-06,588,1,8,134
2021-06-07,133,7,6,268
2021-06-08,990,8,8,468
2021-06-09,567,8,3,670
2021-06-10,340,7,0,488
2021-06-11,689,3,9,234
2021-06-12,278,7,4,158
2021-06-13,677,0,1,000
2021-06-14,590,4,7,269
2021-06-15,148,3,5,357
2021-06-16,369,8,3,238
2021-06-17,347,4,1,137
2021-06-18,699,4,8,440
2021-06-19,267,5,5,456
2021-06-20,288,8,7,340
2021-06-21,689,3,2,156
2021-06-22,136,0,9,469
2021-06-23,580,3,2,156
2021-06-24,245,1,1,380
2021-06-25,158,4,8,567
2021-06-26,116,8,4,239
2021-06-27,248,4,9,469
2021-06-28,478,9,3,157
2021-06-29,349,6,9,234
2021-06-30,356,4,6,349
2021-07-01,135,9,3,166
2021-07-02,369,4,5,690
2021-07-03,259,6,3,689
2021-07-04,389,0,3,247
2021-07-05,359,7,2,246
2021-07-06,159,5,8,125
2021-07-07,190,0,0,677
2021-07-08,178,6,0,299
2021-07-09,223,7,9,234
2021-07-10,345,2,0,668
2021-07-11,889,6,7,160
2021-07-12,136,0,8,567
2021-07-13,115,7,4,167
2021-07-14,236,1,7,278
2021-07-15,457,6,4,248
2021-07-16,245,1,2,200
2021-07-17,238,3,1,137
2021-07-18,247,3,0,488
2021-07-19,456,5,3,247
2021-07-20,156,2,9,144
2021-07-21,223,7,0,578
2021-07-22,790,6,4,338
2021-07-23,470,1,9,667
2021-07-24,680,4,4,789
2021-07-25,489,1,9,289
2021-07-26,169,6,3,256
2021-07-27,168,5,0,389
2021-07-28,267,5,8,170
2021-07-29,268,6,9,450
2021-07-30,118,0,6,367
2021-07-31,799,5,5,357
2021-08-01,126,9,6,268
2021-08-02,134,8,1,678
2021-08-03,679,2,2,129
2021-08-04,245,1,6,790
2021-08-05,167,4,8,288
2021-08-06,559,9,4,455
2021-08-07,389,0,4,356
2021-08-08,570,2,7,160
2021-08-09,490,3,3,238
2021-08-10,124,7,6,114
2021-08-11,115,7,3,238
2021-08-12,790,6,0,460
2021-08-13,479,0,7,377
2021-08-14,567,8,2,345
2021-08-15,***,*,*,***
2021-08-23,235,0,7,250
2021-08-24,680,4,4,356
2021-08-25,680,4,1,245
2021-08-26,579,1,0,280
2021-08-27,448,6,0,226
2021-08-28,124,7,6,330
2021-08-29,370,0,6,358
2021-08-30,248,4,8,990
2021-08-31,160,7,1,236
2021-09-01,258,5,4,248
2021-09-02,370,0,0,280
2021-09-03,189,8,9,270
2021-09-04,257,4,1,489
2021-09-05,590,4,3,238
2021-09-06,260,8,3,256
2021-09-07,257,4,7,160
2021-09-08,577,9,6,889
2021-09-09,119,1,0,370
2021-09-10,589,2,9,135
2021-09-11,234,9,9,360
2021-09-12,348,5,9,135
2021-09-13,690,5,6,123
2021-09-14,357,5,7,278
2021-09-15,137,1,9,289
2021-09-16,157,3,7,340
2021-09-17,470,1,4,149
2021-09-18,588,1,3,238
2021-09-19,448,9,9,360
2021-09-20,257,4,0,569
2021-09-21,380,1,9,180
2021-09-22,289,9,0,145
2021-09-23,226,0,8,459
2021-09-24,789,4,7,566
2021-09-25,778,2,7,890
2021-09-26,168,5,3,238
2021-09-27,449,7,9,469
2021-09-28,780,5,3,157
2021-09-29,258,5,1,579
2021-09-30,468,8,2,345
2021-10-01,680,4,2,246
2021-10-02,379,9,3,157
2021-10-03,180,9,9,469
2021-10-04,124,7,2,138
2021-10-05,258,5,1,155
2021-10-06,660,2,4,239
2021-10-07,258,5,1,119
2021-10-08,127,0,8,134
2021-10-09,569,0,8,558
2021-10-10,146,1,8,378
2021-10-11,246,2,1,344
2021-10-12,357,5,8,224
2021-10-13,580,3,2,255
2021-10-14,234,9,7,368
2021-10-15,888,4,4,158
2021-10-16,126,9,2,570
2021-10-17,120,3,7,359
2021-10-18,144,9,1,100
2021-10-19,167,4,5,113
2021-10-20,499,2,4,130
2021-10-21,230,5,4,266
2021-10-22,359,7,4,167
2021-10-23,156,2,1,678
2021-10-24,124,7,0,118
2021-10-25,770,4,3,120
2021-10-26,678,1,4,338
2021-10-27,358,6,8,369
2021-10-28,240,6,3,689
2021-10-29,488,0,7,250
2021-10-30,369,8,4,446
2021-10-31,***,*,*,***
2021-11-01,***,*,*,***
2021-11-02,***,*,*,***
2021-11-03,***,*,*,***
2021-11-04,***,*,*,***
2021-11-05,***,*,*,***
2021-11-06,***,*,*,***
2021-11-07,***,*,*,***
2021-11-08,***,*,*,***
2021-11-09,137,1,5,168
2021-11-10,134,8,6,123
2021-11-11,145,0,0,334
2021-11-12,168,5,9,450
2021-11-13,136,0,6,150
2021-11-14,160,7,6,259
2021-11-15,578,0,6,268
2021-11-16,780,5,9,450
2021-11-17,480,2,7,160
2021-11-18,149,4,4,789
2021-11-19,115,7,5,177
2021-11-20,480,2,6,178
2021-11-21,147,2,6,178
2021-11-22,489,1,1,399
2021-11-23,780,5,9,568
2021-11-24,499,2,5,249
2021-11-25,670,3,3,689
2021-11-26,890,7,2,679
2021-11-27,290,1,2,679
2021-11-28,127,0,8,125
2021-11-29,460,0,6,358
2021-11-30,257,4,8,468
2021-12-01,133,7,9,900
2021-12-02,148,3,9,180
2021-12-03,177,5,5,889
2021-12-04,135,9,2,480
2021-12-05,459,8,5,113
2021-12-06,678,1,3,238
2021-12-07,259,6,5,168
2021-12-08,347,4,4,158
2021-12-09,115,7,1,146
2021-12-10,567,8,8,279
2021-12-11,127,0,8,378
2021-12-12,334,0,2,778
2021-12-13,679,2,4,680
2021-12-14,468,8,1,588
2021-12-15,578,0,6,114
2021-12-16,133,7,1,128
2021-12-17,139,3,1,100
2021-12-18,147,2,9,450
2021-12-19,258,5,8,189
2021-12-20,137,1,8,134
2021-12-21,336,2,8,125
2021-12-22,568,9,2,147
2021-12-23,146,1,9,478
2021-12-24,139,3,7,188
2021-12-25,120,3,6,367
2021-12-26,146,1,4,248
2021-12-27,450,9,9,478
2021-12-28,260,8,4,347
2021-12-29,145,0,3,120
2021-12-30,688,2,0,479
2021-12-31,369,8,0,460
2022-01-01,257,4,4,248
2022-01-02,260,8,7,340
2022-01-03,240,6,9,450
2022-01-04,238,3,1,678
2022-01-05,399,1,1,380
2022-01-06,260,8,2,138
2022-01-07,560,1,6,259
2022-01-08,236,1,1,588
2022-01-09,124,7,1,669
2022-01-10,359,7,4,680
2022-01-11,244,0,3,166
2022-01-12,589,2,5,168
2022-01-13,350,8,6,178
2022-01-14,377,7,0,389
2022-01-15,146,1,3,238
2022-01-16,479,0,5,799
2022-01-17,134,8,8,116
2022-01-18,236,1,4,248
2022-01-19,123,6,7,250
2022-01-20,357,5,9,360
2022-01-21,460,0,0,370
2022-01-22,248,4,2,147
2022-01-23,280,0,9,478
2022-01-24,446,4,0,370
2022-01-25,400,4,5,230
2022-01-26,***,*,*,***
2022-01-27,225,9,0,460
2022-01-28,348,5,9,126
2022-01-29,899,6,3,247
2022-01-30,489,1,6,268
2022-01-31,123,6,9,379
2022-02-01,234,9,4,248
2022-02-02,460,0,0,569
2022-02-03,290,1,5,140
2022-02-04,134,8,8,170
2022-02-05,480,2,3,490
2022-02-06,227,1,5,159
2022-02-07,590,4,4,347
2022-02-08,478,9,1,669
2022-02-09,367,6,8,440
2022-02-10,270,9,1,380
2022-02-11,478,9,0,136
2022-02-12,356,4,6,556
2022-02-13,134,8,1,588
2022-02-14,234,9,5,230
2022-02-15,160,7,9,450
2022-02-16,235,0,8,125
2022-02-17,450,9,6,367
2022-02-18,133,7,4,149
2022-02-19,770,4,0,136
2022-02-20,799,5,6,457
2022-02-21,348,5,7,458
2022-02-22,133,7,5,258
2022-02-23,158,4,7,250
2022-02-24,340,7,1,470
2022-02-25,588,1,6,240
2022-02-26,148,3,7,160
2022-02-27,220,4,6,123
2022-02-28,990,8,8,440
2022-03-01,670,3,9,135
2022-03-02,188,7,6,448
2022-03-03,456,5,9,234
2022-03-04,149,4,3,779
2022-03-05,470,1,1,489
2022-03-06,170,8,9,126
2022-03-07,136,0,2,589
2022-03-08,167,4,4,130
2022-03-09,560,1,1,128
2022-03-10,456,5,4,347
2022-03-11,799,5,2,480
2022-03-12,268,6,8,990
2022-03-13,267,5,2,778
2022-03-14,467,7,6,123
2022-03-15,155,1,7,133
2022-03-16,139,3,7,566
2022-03-17,680,4,5,267
2022-03-18,***,*,*,***
2022-03-19,579,1,2,570
2022-03-20,558,8,2,480
2022-03-21,660,2,6,150
2022-03-22,690,5,1,245
2022-03-23,277,6,5,159
2022-03-24,257,4,5,447
2022-03-25,345,2,4,590
2022-03-26,159,5,0,370
2022-03-27,230,5,4,149
2022-03-28,357,5,5,249
2022-03-29,489,1,2,147
2022-03-30,246,2,4,130
2022-03-31,399,1,1,119
2022-04-01,399,1,1,380
2022-04-02,377,7,4,789
2022-04-03,467,7,9,234
2022-04-04,224,8,9,234
2022-04-05,233,8,1,470
2022-04-06,377,7,2,480
2022-04-07,388,9,2,480
2022-04-08,127,0,3,157
2022-04-09,456,5,8,369
2022-04-10,160,7,9,568
2022-04-11,123,6,5,889
2022-04-12,260,8,4,400
2022-04-13,139,3,2,345
2022-04-14,688,2,4,338
2022-04-15,160,7,5,122
2022-04-16,356,4,7,250
2022-04-17,125,8,4,590
2022-04-18,470,1,0,479
2022-04-19,117,9,0,145
2022-04-20,369,8,6,358
2022-04-21,477,8,8,459
2022-04-22,350,8,1,489
2022-04-23,588,1,3,788
2022-04-24,156,2,9,379
2022-04-25,379,9,3,788
2022-04-26,259,6,1,290
2022-04-27,670,3,1,588
2022-04-28,267,5,9,360
2022-04-29,669,1,7,250
2022-04-30,348,5,0,136
2022-05-01,346,3,5,258
2022-05-02,468,8,7,368
2022-05-03,399,1,3,256
2022-05-04,458,7,9,900
2022-05-05,278,7,7,250
2022-05-06,560,1,3,148
2022-05-07,128,1,6,268
2022-05-08,440,8,3,247
2022-05-09,250,7,0,370
2022-05-10,246,2,5,159
2022-05-11,140,5,1,678
2022-05-12,250,7,6,240
2022-05-13,356,4,6,277
2022-05-14,335,1,9,180
2022-05-15,233,8,5,780
2022-05-16,330,6,7,269
2022-05-17,268,6,4,680
2022-05-18,779,3,8,134
2022-05-19,125,8,0,677
2022-05-20,118,0,0,389
2022-05-21,558,8,8,233
2022-05-22,890,7,3,490
2022-05-23,260,8,7,458
2022-05-24,247,3,6,880
2022-05-25,256,3,2,156
2022-05-26,560,1,0,668
2022-05-27,688,2,7,278
2022-05-28,134,8,0,280
2022-05-29,578,0,4,789
2022-05-30,459,8,5,159
2022-05-31,345,2,9,667
2022-06-01,268,6,9,469
2022-06-02,489,1,8,468
2022-06-03,146,1,5,799
2022-06-04,779,3,2,110
2022-06-05,156,2,1,128
2022-06-06,267,5,7,160
2022-06-07,670,3,3,139
2022-06-08,130,4,1,146
2022-06-09,139,3,0,136
2022-06-10,477,8,9,568
2022-06-11,388,9,2,345
2022-06-12,179,7,1,470
2022-06-13,800,8,1,588
2022-06-14,267,5,8,134
2022-06-15,258,5,7,458
2022-06-16,468,8,9,577
2022-06-17,248,4,8,459
2022-06-18,122,5,6,123
2022-06-19,248,4,3,580
2022-06-27,135,9,3,247
2022-06-28,167,4,6,899
2022-06-29,458,7,6,367
2022-06-30,130,4,9,559
2022-07-01,460,0,2,255
2022-07-02,266,4,0,266
2022-07-03,380,1,7,124
2022-07-04,389,0,0,460
2022-07-05,589,2,3,157
2022-07-06,199,9,5,168
2022-07-07,128,1,3,788
2022-07-08,678,1,6,259
2022-07-09,279,8,4,149
2022-07-10,***,*,*,***
2022-07-11,166,3,6,556
2022-07-12,350,8,6,259
2022-07-13,580,3,7,458
2022-07-14,110,2,1,579
2022-07-15,559,9,8,125
2022-07-16,889,5,6,123
2022-07-17,677,0,6,880
2022-07-18,349,6,8,378
2022-07-19,144,9,0,280
2022-07-20,159,5,5,348
2022-07-21,145,0,4,257
2022-07-22,250,7,5,348
2022-07-23,168,5,5,140
2022-07-24,900,9,2,237
2022-07-25,145,0,2,480
2022-07-26,338,4,6,259
2022-07-27,479,0,2,390
2022-07-28,278,7,3,120
2022-07-29,239,4,8,990
2022-07-30,500,5,6,367
2022-07-31,366,5,5,249
2022-08-01,679,2,7,890
2022-08-02,336,2,6,178
2022-08-03,569,0,0,127
2022-08-04,799,5,5,159
2022-08-05,478,9,4,149
2022-08-06,147,2,2,156
2022-08-07,120,3,1,399
2022-08-08,149,4,0,569
2022-08-09,448,6,4,789
2022-08-10,899,6,6,240
2022-08-11,348,5,5,258
2022-08-12,490,3,6,349
2022-08-13,190,0,5,113
2022-08-14,247,3,5,348
2022-08-15,***,*,*,***
2022-08-16,567,8,9,478
2022-08-17,679,2,5,339
2022-08-18,138,2,7,458
2022-08-19,226,0,2,499
2022-08-20,146,1,1,146
2022-08-21,178,6,3,120
2022-08-22,669,1,0,578
2022-08-23,224,8,8,134
2022-08-24,450,9,4,455
2022-08-25,127,0,8,116
2022-08-26,150,6,3,238
2022-08-27,234,9,4,770
2022-08-28,239,4,3,670
2022-08-29,157,3,1,245
2022-08-30,120,3,6,556
2022-08-31,359,7,9,360
2022-09-01,340,7,0,127
2022-09-02,789,4,7,467
2022-09-03,138,2,4,149
2022-09-04,460,0,3,157
2022-09-05,345,2,4,266
2022-09-06,400,4,0,299
2022-09-07,158,4,5,267
2022-09-08,145,0,4,239
2022-09-09,580,3,1,128
2022-09-10,239,4,1,579
2022-09-11,567,8,5,249
2022-09-12,266,4,2,688
2022-09-13,900,9,1,470
2022-09-14,378,8,9,289
2022-09-15,367,6,3,166
2022-09-16,126,9,0,127
2022-09-17,479,0,3,148
2022-09-18,240,6,7,278
2022-09-19,345,2,3,157
2022-09-20,679,2,0,118
2022-09-21,677,0,6,277
2022-09-22,478,9,1,344
2022-09-23,127,0,4,167
2022-09-24,158,4,0,127
2022-09-25,158,4,6,358
2022-09-26,457,6,7,188
2022-09-27,134,8,2,480
2022-09-28,899,6,0,235
2022-09-29,679,2,3,580
2022-09-30,129,2,6,268
2022-10-01,680,4,0,370
2022-10-02,288,8,4,239
2022-10-03,458,7,5,366
2022-10-04,468,8,3,670
2022-10-05,470,1,9,469
2022-10-06,358,6,6,600
2022-10-07,260,8,7,467
2022-10-08,256,3,5,780
2022-10-09,468,8,9,559
2022-10-10,467,7,5,249
2022-10-11,119,1,1,146
2022-10-12,138,2,7,449
2022-10-13,138,2,5,159
2022-10-14,670,3,9,289
2022-10-15,578,0,0,299
2022-10-16,446,4,0,127
2022-10-17,456,5,5,267
2022-10-18,158,4,2,129
2022-10-19,119,1,2,390
2022-10-20,446,4,1,588
2022-10-21,249,5,5,258
2022-10-22,356,4,7,340
2022-10-23,***,*,*,***
2022-10-24,***,*,*,***
2022-10-25,***,*,*,***
2022-10-26,***,*,*,***
2022-10-27,***,*,*,***
2022-10-28,***,*,*,***
2022-10-29,***,*,*,***
2022-10-30,***,*,*,***
2022-10-31,146,1,5,168
2022-11-01,348,5,3,256
2022-11-02,129,2,1,579
2022-11-03,699,4,4,149
2022-11-04,124,7,4,338
2022-11-05,390,2,4,400
2022-11-06,345,2,7,359
2022-11-07,350,8,2,778
2022-11-08,490,3,2,156
2022-11-09,147,2,3,256
2022-11-10,188,7,2,110
2022-11-11,578,0,8,224
2022-11-12,789,4,8,350
2022-11-13,469,9,6,150
2022-11-14,140,5,9,126
2022-11-15,279,8,9,478
2022-11-16,340,7,6,169
2022-11-17,128,1,5,230
2022-11-18,579,1,2,390
2022-11-19,113,5,6,790
2022-11-20,140,5,3,257
2022-11-21,677,0,9,234
2022-11-22,359,7,9,469
2022-11-23,255,2,6,349
2022-11-24,137,1,5,249
2022-11-25,340,7,9,126
2022-11-26,559,9,9,450
2022-11-27,344,1,6,367
2022-11-28,189,8,8,800
2022-11-29,388,9,4,167
2022-11-30,448,6,6,150
2022-12-01,235,0,3,580
2022-12-02,268,6,5,258
2022-12-03,122,5,3,580
2022-12-04,125,8,1,588
2022-12-05,348,5,4,130
2022-12-06,799,5,3,490
2022-12-07,568,9,9,126
2022-12-08,478,9,5,113
2022-12-09,499,2,3,670
2022-12-10,239,4,7,269
2022-12-11,134,8,9,379
2022-12-12,399,1,3,337
2022-12-13,235,0,4,590
2022-12-14,447,5,8,477
2022-12-15,168,5,4,257
2022-12-16,480,2,3,148
2022-12-17,669,1,3,120
2022-12-18,139,3,4,266
2022-12-19,120,3,3,256
2022-12-20,120,3,1,245
2022-12-21,678,1,1,335
2022-12-22,147,2,9,379
2022-12-23,178,6,1,137
2022-12-24,190,0,0,145
2022-12-25,380,1,1,245
2022-12-26,789,4,8,378
2022-12-27,***,*,*,***
2022-12-28,368,7,3,670
2022-12-29,260,8,5,348
2022-12-30,234,9,4,239
2022-12-31,478,9,7,160
2023-01-01,270,9,2,679
2023-01-02,450,9,0,145
2023-01-03,146,1,5,690
2023-01-04,270,9,8,189
2023-01-05,289,9,0,370
2023-01-06,899,6,7,188
2023-01-07,140,5,1,137
2023-01-08,579,1,4,680
2023-01-09,166,3,2,336
2023-01-10,700,7,7,359
2023-01-11,199,9,3,300
2023-01-12,134,8,9,117
2023-01-13,148,3,8,189
2023-01-14,337,3,2,246
2023-01-15,148,3,7,557
2023-01-16,236,1,9,117
2023-01-17,228,2,7,368
2023-01-18,179,7,9,568
2023-01-19,255,2,4,220
2023-01-20,350,8,2,660
2023-01-21,668,0,5,258
2023-01-22,345,2,8,369
2023-01-23,190,0,3,247
2023-01-24,460,0,0,370
2023-01-25,129,2,3,139
2023-01-26,***,*,*,***
2023-01-27,556,6,3,779
2023-01-28,269,7,7,179
2023-01-29,367,6,6,268
2023-01-30,566,7,8,233
2023-01-31,890,7,0,136
2023-02-01,800,8,8,468
2023-02-02,134,8,4,347
2023-02-03,357,5,6,268
2023-02-04,225,9,1,489
2023-02-05,449,7,4,770
2023-02-06,268,6,7,700
2023-02-07,469,9,5,122
2023-02-08,380,1,4,400
2023-02-09,235,0,0,370
2023-02-10,459,8,8,170
2023-02-11,499,2,0,569
2023-02-12,790,6,1,560
2023-02-13,577,9,1,137
2023-02-14,370,0,0,578
2023-02-15,347,4,5,177
2023-02-16,367,6,5,168
2023-02-17,457,6,5,348
2023-02-18,579,1,5,456
2023-02-19,770,4,2,679
2023-02-20,233,8,4,770
2023-02-21,360,9,7,124
2023-02-22,368,7,7,223
2023-02-23,456,5,9,234
2023-02-24,357,5,6,448
2023-02-25,599,3,6,169
2023-02-26,359,7,0,370
2023-02-27,367,6,9,289
2023-02-28,567,8,2,390
2023-03-01,267,5,8,125
2023-03-02,170,8,9,135
2023-03-03,137,1,7,188
2023-03-04,256,3,0,488
2023-03-05,459,8,4,347
2023-03-06,460,0,2,480
2023-03-07,114,6,8,233
2023-03-08,***,*,*,***
2023-03-09,560,1,3,689
2023-03-10,360,9,9,333
2023-03-11,449,7,5,159
2023-03-12,380,1,7,160
2023-03-13,350,8,0,460
2023-03-14,159,5,5,177
2023-03-15,366,5,2,147
2023-03-16,110,2,4,789
2023-03-17,389,0,9,469
2023-03-18,146,1,3,139
2023-03-19,156,2,4,130
2023-03-20,229,3,5,249
2023-03-21,679,2,5,366
2023-03-22,139,3,2,156
2023-03-23,789,4,8,369
2023-03-24,229,3,7,124
2023-03-25,349,6,0,578
2023-03-26,147,2,9,126
2023-03-27,166,3,5,159
2023-03-28,368,7,2,200
2023-03-29,348,5,3,599
2023-03-30,259,6,5,267
2023-03-31,145,0,4,220
2023-04-01,569,0,2,336
2023-04-02,345,2,7,340
2023-04-03,479,0,4,455
2023-04-04,699,4,0,136
2023-04-05,789,4,9,568
2023-04-06,690,5,2,480
2023-04-07,280,0,8,189
2023-04-08,125,8,0,389
2023-04-09,138,2,4,239
2023-04-10,279,8,6,169
2023-04-11,556,6,1,470
2023-04-12,227,1,7,124
2023-04-13,388,9,5,140
2023-04-14,169,6,9,360
2023-04-15,180,9,3,148
2023-04-16,450,9,7,458
2023-04-17,359,7,6,457
2023-04-18,578,0,3,139
2023-04-19,670,3,5,780
2023-04-20,120,3,4,699
2023-04-21,569,0,2,255
2023-04-22,245,1,9,568
2023-04-23,234,9,3,689
2023-04-24,200,2,9,199
2023-04-25,569,0,3,247
2023-04-26,335,1,0,136
2023-04-27,250,7,1,489
2023-04-28,480,2,8,468
2023-04-29,340,7,7,467
2023-04-30,349,6,5,249
2023-05-01,367,6,0,190
2023-05-02,380,1,3,490
2023-05-03,229,3,9,388
2023-05-04,344,1,7,467
2023-05-05,588,1,2,156
2023-05-06,112,4,2,237
2023-05-07,158,4,2,660
2023-05-08,238,3,3,157
2023-05-09,579,1,2,679
2023-05-10,689,3,3,247
2023-05-11,456,5,3,670
2023-05-12,226,0,4,590
2023-05-13,579,1,6,150
2023-05-14,356,4,1,399
2023-05-15,148,3,4,130
2023-05-16,260,8,6,330
2023-05-17,148,3,2,246
2023-05-18,235,0,8,567
2023-05-19,239,4,2,570
2023-05-20,256,3,0,136
2023-05-21,889,5,6,790
2023-05-22,136,0,7,377
2023-05-23,479,0,2,336
2023-05-24,670,3,5,168
2023-05-25,128,1,9,126
2023-05-26,224,8,0,370
2023-05-27,127,0,9,234
2023-05-28,579,1,2,778
2023-05-29,117,9,6,169
2023-05-30,123,6,4,455
2023-05-31,779,3,9,469
2023-06-01,233,8,1,560
2023-06-02,246,2,4,248
2023-06-03,390,2,8,468
2023-06-04,780,5,4,770
2023-06-05,223,7,0,578
2023-06-06,160,7,9,559
2023-06-07,149,4,2,660
2023-06-08,469,9,7,133
2023-06-09,247,3,9,559
2023-06-10,166,3,2,480
2023-06-11,128,1,5,348
2023-06-12,679,2,7,467
2023-06-13,679,2,1,128
2023-06-14,244,0,7,278
2023-06-15,337,3,0,226
2023-06-16,445,3,1,380
2023-06-17,379,9,5,500
2023-06-18,269,7,3,670
2023-06-19,489,1,5,267
2023-06-20,157,3,7,160
2023-06-21,233,8,9,234
2023-06-22,356,4,1,236
2023-06-23,114,6,3,580
2023-06-24,148,3,9,117
2023-06-25,440,8,6,150
2023-06-26,478,9,1,588
2023-06-27,135,9,5,113
2023-06-28,679,2,2,499
2023-06-29,259,6,2,129
2023-06-30,110,2,2,156
2023-07-01,458,7,9,135
2023-07-02,147,2,8,125
2023-07-03,338,4,6,123
2023-07-04,689,3,7,890
2023-07-05,356,4,4,167
2023-07-06,450,9,9,568
2023-07-07,260,8,0,479
2023-07-08,990,8,4,789
2023-07-09,280,0,8,260
2023-07-10,679,2,9,180
2023-07-11,470,1,7,133
2023-07-12,460,0,3,580
2023-07-13,240,6,7,160
2023-07-14,138,2,5,159
2023-07-15,158,4,0,578
2023-07-16,268,6,1,560
2023-07-17,360,9,8,125
2023-07-18,790,6,1,470
2023-07-19,268,6,8,440
2023-07-20,224,8,8,125
2023-07-21,478,9,9,450
2023-07-22,600,6,7,124
2023-07-23,460,0,9,469
2023-07-24,128,1,9,900
2023-07-25,456,5,2,499
2023-07-26,799,5,2,589
2023-07-27,567,8,2,679
2023-07-28,667,9,7,160
2023-07-29,130,4,2,147
2023-07-30,278,7,8,170
2023-07-31,890,7,9,450
2023-08-01,169,6,1,137
2023-08-02,589,2,3,238
2023-08-03,778,2,0,244
2023-08-04,378,8,8,350
2023-08-05,690,5,1,489
2023-08-06,447,5,1,290
2023-08-07,278,7,3,346
2023-08-08,899,6,6,240
2023-08-09,489,1,5,555
2023-08-10,128,1,0,136
2023-08-11,290,1,2,147
2023-08-12,220,4,3,689
2023-08-13,367,6,9,126
2023-08-14,336,2,2,345
2023-08-15,***,*,*,***
2023-08-16,489,1,0,668
2023-08-17,880,6,9,577
2023-08-18,466,6,7,278
2023-08-19,156,2,3,148
2023-08-20,457,6,7,250
2023-08-21,180,9,6,466
2023-08-22,388,9,4,789
2023-08-23,790,6,6,123
2023-08-24,677,0,0,136
2023-08-25,478,9,3,238
2023-08-26,136,0,2,660
2023-08-27,150,5,9,469
2023-08-28,688,2,7,133
2023-08-29,112,4,0,550
2023-08-30,459,8,2,246
2023-08-31,456,5,4,590
2023-09-01,239,4,3,148
2023-09-02,112,4,6,240
2023-09-03,688,2,0,226
2023-09-04,559,9,2,589
2023-09-05,288,8,9,234
2023-09-06,236,1,7,890
2023-09-07,489,1,7,890
2023-09-08,440,8,5,780
2023-09-09,160,7,9,900
2023-09-10,350,8,8,369
2023-09-11,670,3,1,137
2023-09-12,179,7,7,467
2023-09-13,159,5,3,148
2023-09-14,456,5,8,224
2023-09-15,900,9,3,346
2023-09-16,377,7,1,470
2023-09-17,578,0,3,120
2023-09-18,370,0,5,348
2023-09-19,277,6,0,244
2023-09-20,258,5,9,126
2023-09-21,135,9,2,570
2023-09-22,144,9,7,359
2023-09-23,480,2,2,237
2023-09-24,255,2,9,234
2023-09-25,569,0,1,100
2023-09-26,568,9,3,490
2023-09-27,235,0,8,125
2023-09-28,789,4,2,129
2023-09-29,137,1,4,239
2023-09-30,268,6,7,160
2023-10-01,267,5,4,356
2023-10-02,669,1,5,159
2023-10-03,678,1,4,220
2023-10-04,336,2,1,155
2023-10-05,170,8,6,349
2023-10-06,146,1,3,779
2023-10-07,780,5,6,268
2023-10-08,579,1,8,148
2023-10-09,118,0,6,448
2023-10-10,239,4,2,228
2023-10-11,345,2,8,125
2023-10-12,249,5,8,125
2023-10-13,680,4,8,170
2023-10-14,114,6,9,135
2023-10-15,138,2,4,248
2023-10-16,145,0,6,448
2023-10-17,333,9,3,157
2023-10-18,168,5,4,356
2023-10-19,379,9,1,335
2023-10-20,357,5,9,667
2023-10-21,688,2,4,446
2023-10-22,679,2,3,355
2023-10-23,389,0,6,169
2023-10-24,488,0,2,147
2023-10-25,149,4,1,128
2023-10-26,356,4,8,125
2023-10-27,235,0,2,156
2023-10-28,260,8,0,550
2023-10-29,347,4,6,259
2023-10-30,190,0,4,680
2023-10-31,169,6,4,356
2023-11-01,178,6,0,280
2023-11-02,570,2,6,240
2023-11-03,166,3,5,500
2023-11-04,170,8,5,799
2023-11-05,458,7,0,460
2023-11-06,699,4,3,779
2023-11-07,123,6,8,567
2023-11-08,334,0,7,250
2023-11-09,166,3,7,179
2023-11-10,***,*,*,***
2023-11-11,***,*,*,***
2023-11-12,***,*,*,***
2023-11-13,***,*,*,***
2023-11-14,***,*,*,***
2023-11-15,***,*,*,***
2023-11-16,***,*,*,***
2023-11-17,***,*,*,***
2023-11-18,***,*,*,***
2023-11-19,***,*,*,***
2023-11-20,359,7,1,245
2023-11-21,489,1,1,470
2023-11-22,679,2,4,789
2023-11-23,124,7,4,149
2023-11-24,125,8,6,358
2023-11-25,566,7,8,440
2023-11-26,360,9,1,470
2023-11-27,688,2,3,670
2023-11-28,468,8,8,459
2023-11-29,370,0,7,269
2023-11-30,347,4,9,379
2023-12-01,257,4,5,267
2023-12-02,160,7,0,479
2023-12-03,577,9,0,127
2023-12-04,455,4,9,225
2023-12-05,357,5,6,790
2023-12-06,138,2,2,255
2023-12-07,225,9,1,245
2023-12-08,279,8,1,146
2023-12-09,789,4,4,112
2023-12-10,390,2,0,370
2023-12-11,237,2,2,147
2023-12-12,899,6,7,700
2023-12-13,457,6,8,116
2023-12-14,368,7,2,129
2023-12-15,468,8,1,669
2023-12-16,669,1,2,570
2023-12-17,260,8,6,367
2023-12-18,478,9,8,224
2023-12-19,447,5,0,136
2023-12-20,225,9,5,456
2023-12-21,145,0,8,468
2023-12-22,145,0,3,238
2023-12-23,289,9,5,348
2023-12-24,126,9,5,258
2023-12-25,489,1,5,230
2023-12-26,235,0,5,258
2023-12-27,167,4,5,249
2023-12-28,110,2,1,146
2023-12-29,138,2,0,668
2023-12-30,378,8,2,679
2023-12-31,227,1,1,137
2024-01-01,568,9,3,300
2024-01-02,233,8,2,480
2024-01-03,130,4,4,590
2024-01-04,790,6,9,667
2024-01-05,457,6,0,235
2024-01-06,129,2,9,450
2024-01-07,277,6,4,130
2024-01-08,188,7,5,339
2024-01-09,188,7,3,148
2024-01-10,170,8,8,134
2024-01-11,289,9,5,168
2024-01-12,190,0,1,678
2024-01-13,778,2,1,137
2024-01-14,467,7,6,457
2024-01-15,560,1,2,688
2024-01-16,288,8,5,889
2024-01-17,137,1,6,349
2024-01-18,156,2,3,166
2024-01-19,158,4,2,147
2024-01-20,280,0,1,146
2024-01-21,157,3,8,260
2024-01-22,000,0,1,245
2024-01-23,445,3,0,244
2024-01-24,450,9,1,155
2024-01-25,568,9,7,890
2024-01-26,***,*,*,***
2024-01-27,590,4,0,145
2024-01-28,356,4,8,279
2024-01-29,669,1,4,149
2024-01-30,599,3,2,246
2024-01-31,137,1,4,356
2024-02-01,347,4,7,250
2024-02-02,349,6,6,790
2024-02-03,000,8,3,490
2024-02-04,155,1,0,136
2024-02-05,350,8,8,990
2024-02-06,499,2,7,133
2024-02-07,589,2,1,470
2024-02-08,336,2,4,347
2024-02-09,456,5,9,289
2024-02-10,190,0,9,469
2024-02-11,336,2,7,278
2024-02-12,377,7,2,480
2024-02-13,367,6,3,689
2024-02-14,579,1,0,190
2024-02-15,299,0,8,288
2024-02-16,345,2,4,257
2024-02-17,369,8,1,137
2024-02-18,157,3,5,780
2024-02-19,148,3,1,470
2024-02-20,125,8,0,389
2024-02-21,489,1,7,223
2024-02-22,356,4,9,360
2024-02-23,239,4,2,147
2024-02-24,260,8,8,369
2024-02-25,350,8,6,259
2024-02-26,247,3,4,239
2024-02-27,130,4,4,239
2024-02-28,346,3,0,479
2024-02-29,127,0,5,159
2024-03-01,350,8,8,279
2024-03-02,550,0,2,156
2024-03-03,367,6,4,248
2024-03-04,139,3,4,455
2024-03-05,560,1,0,560
2024-03-06,349,6,2,156
2024-03-07,690,5,9,180
2024-03-08,245,1,9,360
2024-03-09,667,9,8,233
2024-03-10,349,6,6,880
2024-03-11,369,8,0,370
2024-03-12,290,1,6,899
2024-03-13,457,6,9,234
2024-03-14,355,3,2,138
2024-03-15,126,9,4,158
2024-03-16,447,5,6,349
2024-03-17,112,4,4,356
2024-03-18,470,1,1,137
2024-03-19,790,6,5,140
2024-03-20,477,8,0,127
2024-03-21,678,1,6,259
2024-03-22,146,1,3,238
2024-03-23,890,7,3,166
2024-03-24,249,5,4,167
2024-03-25,***,*,*,***
2024-03-26,360,9,1,137
2024-03-27,455,4,1,146
2024-03-28,479,0,3,580
2024-03-29,299,0,9,135
2024-03-30,289,9,3,670
2024-03-31,479,0,7,179
2024-04-01,267,5,0,190
2024-04-02,124,7,1,245
2024-04-03,160,7,7,223
2024-04-04,900,9,4,446
2024-04-05,990,8,7,269
2024-04-06,890,7,7,467
2024-04-07,134,8,0,235
2024-04-08,380,1,3,238
2024-04-09,249,5,2,147
2024-04-10,158,4,7,467
2024-04-11,589,2,3,111
2024-04-12,256,3,2,345
2024-04-13,349,6,8,990
2024-04-14,790,6,4,248
2024-04-15,289,9,4,167
2024-04-16,245,1,9,199
2024-04-17,588,1,0,145
2024-04-18,228,2,3,346
2024-04-19,180,9,2,499
2024-04-20,800,8,6,600
2024-04-21,120,3,9,135
2024-04-22,299,0,2,679
2024-04-23,128,2,5,249
2024-04-24,349,6,8,800
2024-04-25,489,1,6,367
2024-04-26,479,0,0,677
2024-04-27,237,2,4,356
2024-04-28,359,7,4,347
2024-04-29,577,9,4,770
2024-04-30,266,4,5,249
2024-05-01,139,3,8,800
2024-05-02,112,4,2,138
2024-05-03,567,8,7,458
2024-05-04,579,1,9,379
2024-05-05,339,5,1,560
2024-05-06,269,7,1,399
2024-05-07,688,2,1,560
2024-05-08,118,0,8,468
2024-05-09,450,9,7,269
2024-05-10,356,4,6,899
2024-05-11,112,4,4,239
2024-05-12,578,0,8,567
2024-05-13,377,7,2,570
2024-05-14,356,4,7,124
2024-05-15,226,0,9,568
2024-05-16,558,8,6,240
2024-05-17,178,6,7,700
2024-05-18,790,6,5,500
2024-05-19,389,0,7,188
2024-05-20,600,6,5,348
2024-05-21,188,7,9,177
2024-05-22,380,1,2,778
2024-05-23,156,2,1,678
2024-05-24,677,0,6,169
2024-05-25,133,7,7,359
2024-05-26,799,5,1,146
2024-05-27,290,1,1,128
2024-05-28,148,3,1,489
2024-05-29,125,8,2,147
2024-05-30,468,8,2,156
2024-05-31,357,5,1,344
2024-06-01,356,4,6,367
2024-06-02,125,8,5,690
2024-06-03,260,8,7,269
2024-06-04,350,8,2,570
2024-06-05,678,1,2,390
2024-06-06,490,3,2,480
2024-06-07,360,9,1,236
2024-06-08,239,4,2,679
2024-06-09,470,1,4,257
2024-06-10,256,3,5,258
2024-06-11,779,3,4,789
2024-06-12,117,9,9,234
2024-06-13,449,7,3,148
2024-06-14,679,2,1,227
2024-06-15,346,3,2,336
2024-06-16,160,7,1,560
2024-06-17,146,1,9,478
2024-06-18,118,0,1,579
2024-06-19,550,0,2,147
2024-06-20,340,7,6,268
2024-06-21,136,0,4,680
2024-06-22,790,6,0,127
2024-06-23,446,4,8,260
2024-06-24,478,9,0,569
2024-06-25,250,7,0,334
2024-06-26,457,6,9,234
2024-06-27,118,0,8,558
2024-06-28,125,8,2,688
2024-06-29,134,8,1,119
2024-06-30,268,6,2,480
2024-07-01,688,2,7,566
2024-07-02,679,2,3,157
2024-07-03,130,4,2,480
2024-07-04,900,9,9,180
2024-07-05,367,6,8,468
2024-07-06,568,9,7,467
2024-07-07,250,7,9,289
2024-07-08,578,0,0,334
2024-07-09,788,3,6,367
2024-07-10,129,2,6,556
2024-07-11,789,4,8,116
2024-07-12,389,0,5,357
2024-07-13,370,0,8,477
2024-07-14,499,2,7,278
2024-07-15,680,4,2,138
2024-07-16,588,1,0,235
2024-07-17,500,5,1,470
2024-07-18,238,3,0,145
2024-07-19,466,6,0,244
2024-07-20,180,9,3,337
2024-07-21,237,2,4,149
2024-07-22,249,5,3,670
2024-07-23,267,5,8,170
2024-07-24,190,0,3,580
2024-07-25,134,8,1,579
2024-07-26,800,8,1,588
2024-07-27,899,6,3,120
2024-07-28,459,8,0,226
2024-07-29,380,1,0,479
2024-07-30,349,6,5,168
2024-07-31,479,0,4,220
2024-08-01,246,2,3,788
2024-08-02,368,7,3,670
2024-08-03,688,2,8,468
2024-08-04,110,2,3,148
2024-08-05,689,3,8,477
2024-08-06,480,2,6,150
2024-08-07,578,0,4,149
2024-08-08,117,9,7,160
2024-08-09,455,4,1,128
2024-08-10,157,3,8,189
2024-08-11,370,0,6,790
2024-08-12,150,6,0,389
2024-08-13,369,8,4,446
2024-08-14,248,4,8,350
2024-08-15,***,*,*,***
2024-08-16,239,4,8,134
2024-08-17,199,9,7,557
2024-08-18,458,7,1,236
2024-08-19,228,2,4,680
2024-08-20,677,0,5,780
2024-08-21,450,9,1,146
2024-08-22,458,7,1,560
2024-08-23,229,3,2,679
2024-08-24,115,7,4,220
2024-08-25,234,9,9,135
2024-08-26,115,7,5,456
2024-08-27,169,6,6,880
2024-08-28,126,9,3,599
2024-08-29,339,5,7,223
2024-08-30,446,4,0,118
2024-08-31,238,3,2,246
2024-09-01,479,0,4,400
2024-09-02,446,4,9,360
2024-09-03,469,9,2,679
2024-09-04,345,2,0,118
2024-09-05,449,7,7,188
2024-09-06,359,7,0,127
2024-09-07,140,5,2,390
2024-09-08,237,2,2,246
2024-09-09,889,5,1,579
2024-09-10,338,4,0,136
2024-09-11,335,1,5,780
2024-09-12,378,7,3,689
2024-09-13,289,9,9,379
2024-09-14,144,9,6,123
2024-09-15,599,3,6,466
2024-09-16,480,2,2,589
2024-09-17,340,7,3,148
2024-09-18,700,7,7,359
2024-09-19,460,0,1,399
2024-09-20,159,5,0,190
2024-09-21,134,8,0,389
2024-09-22,150,6,2,390
2024-09-23,235,0,8,170
2024-09-24,236,1,3,247
2024-09-25,460,0,0,118
2024-09-26,440,8,6,556
2024-09-27,226,0,5,357
2024-09-28,460,0,4,158
2024-09-29,125,8,9,388
2024-09-30,277,6,9,135
2024-10-01,440,8,3,490
2024-10-02,788,3,1,579
2024-10-03,258,5,8,233
2024-10-04,156,2,8,224
2024-10-05,278,7,4,680
2024-10-06,350,8,1,128
2024-10-07,350,8,1,380
2024-10-08,568,9,0,226
2024-10-09,240,6,7,368
2024-10-10,790,6,9,388
2024-10-11,140,5,3,120
2024-10-12,278,7,7,467
2024-10-13,168,5,7,269
2024-10-14,337,3,7,467
2024-10-15,389,0,9,900
2024-10-16,126,9,4,699
2024-10-17,234,9,3,229
2024-10-18,780,5,5,258
2024-10-19,349,6,2,589
2024-10-20,180,9,0,569
2024-10-21,889,5,9,144
2024-10-22,229,3,7,278
2024-10-23,247,3,2,345
2024-10-24,135,9,9,568
2024-10-25,358,6,9,234
2024-10-26,457,6,2,138
2024-10-27,***,*,*,***
2024-10-28,***,*,*,***
2024-10-29,***,*,*,***
2024-10-30,***,*,*,***
2024-10-31,***,*,*,***
2024-11-01,***,*,*,***
2024-11-02,***,*,*,***
2024-11-03,***,*,*,***
2024-11-04,***,*,*,***
2024-11-05,***,*,*,***
2024-11-06,779,3,1,678
2024-11-07,446,4,7,179
2024-11-08,670,3,8,260
2024-11-09,267,5,7,557
2024-11-10,260,8,3,166
2024-11-11,900,9,0,334
2024-11-12,119,1,6,790
2024-11-13,567,8,3,247
2024-11-14,124,7,8,288
2024-11-15,178,6,1,579
2024-11-16,335,1,6,123
2024-11-17,389,0,2,237
2024-11-18,260,8,9,126
2024-11-19,300,3,4,158
2024-11-20,378,8,2,345
2024-11-21,577,9,4,112
2024-11-22,247,3,6,268
2024-11-23,400,4,4,356
2024-11-24,455,4,3,490
2024-11-25,470,1,3,120
2024-11-26,344,1,2,129
2024-11-27,123,6,0,569
2024-11-28,126,9,7,340
2024-11-29,670,3,2,778
2024-11-30,135,9,4,149
2024-12-01,367,6,1,380
2024-12-02,557,7,0,127
2024-12-03,178,6,1,100
2024-12-04,680,4,6,178
2024-12-05,790,6,4,356
2024-12-06,589,2,1,470
2024-12-07,668,0,2,156
2024-12-08,890,7,1,470
2024-12-09,169,6,4,590
2024-12-10,338,4,9,577
2024-12-11,379,9,7,278
2024-12-12,678,1,0,235
2024-12-13,170,8,7,566
2024-12-14,199,9,7,179
2024-12-15,390,2,9,577
2024-12-16,990,8,9,135
2024-12-17,279,8,6,123
2024-12-18,155,1,2,570
2024-12-19,568,9,0,136
2024-12-20,466,6,9,450
2024-12-21,355,3,8,233
2024-12-22,478,9,7,160
2024-12-23,556,6,0,488
2024-12-24,358,6,5,366
2024-12-25,560,1,7,359
2024-12-26,370,0,6,790
2024-12-27,227,1,2,138
2024-12-28,156,2,3,247
2024-12-29,136,0,0,488
2024-12-30,790,6,4,248
2024-12-31,144,9,3,166
2025-01-01,148,3,2,147
2025-01-02,357,5,7,160
2025-01-03,126,9,4,248
2025-01-04,167,4,1,236
2025-01-05,466,6,1,678
2025-01-06,700,7,6,178
2025-01-07,578,0,1,290
2025-01-08,124,7,6,556
2025-01-09,230,5,5,113
2025-01-10,239,4,4,130
2025-01-11,360,9,3,580
2025-01-12,177,5,5,168
2025-01-13,480,2,1,227
2025-01-14,378,8,3,148
2025-01-15,689,3,3,445
2025-01-16,227,1,4,158
2025-01-17,550,0,9,117
2025-01-18,389,0,0,578
2025-01-19,490,3,7,269
2025-01-20,169,6,3,139
2025-01-21,448,6,7,700
2025-01-22,390,2,1,588
2025-01-23,679,2,1,245
2025-01-24,479,0,3,346
2025-01-25,660,2,8,558
2025-01-26,***,*,*,***
2025-01-27,229,3,9,450
2025-01-28,336,2,9,117
2025-01-29,200,2,6,880
2025-01-30,799,5,4,590
2025-01-31,245,1,7,449
2025-02-01,179,7,1,290
2025-02-02,189,8,0,127
2025-02-03,360,9,2,570
2025-02-04,160,7,4,590
2025-02-05,133,7,4,446
2025-02-06,236,1,5,339
2025-02-07,780,5,7,359
2025-02-08,334,0,0,479
2025-02-09,260,8,3,139
2025-02-10,478,9,5,177
2025-02-11,378,8,4,266
2025-02-12,134,8,9,126
2025-02-13,189,8,9,270
2025-02-14,223,7,1,560
2025-02-15,245,1,2,679
2025-02-16,690,5,9,135
2025-02-17,245,1,9,559
2025-02-18,677,0,5,447
2025-02-19,237,2,9,234
2025-02-20,778,2,6,259
2025-02-21,169,6,1,579
2025-02-22,166,3,8,350
2025-02-23,467,7,5,447
2025-02-24,270,9,2,129
2025-02-25,267,5,9,469
2025-02-26,123,6,6,367
2025-02-27,589,2,5,500
2025-02-28,880,6,4,347
2025-03-01,334,0,0,460
2025-03-02,368,7,2,390
2025-03-03,117,9,1,678
2025-03-04,338,4,6,448
2025-03-05,340,7,2,129
2025-03-06,158,4,2,129
2025-03-07,579,1,7,179
2025-03-08,570,2,9,135
2025-03-09,467,7,7,368
2025-03-10,146,1,7,115
2025-03-11,660,2,9,667
2025-03-12,150,6,0,136
2025-03-13,167,4,8,378
2025-03-14,***,*,*,***
2025-03-15,150,6,6,448
2025-03-16,270,9,9,234
2025-03-17,270,9,4,257
2025-03-18,148,3,8,233
2025-03-19,115,7,1,227
2025-03-20,300,3,9,270
2025-03-21,338,4,0,190
2025-03-22,560,1,2,246
2025-03-23,137,1,9,469
2025-03-24,455,4,9,379
2025-03-25,457,6,1,245
2025-03-26,145,0,1,489
2025-03-27,257,4,9,360
2025-03-28,467,7,4,680
2025-03-29,289,9,4,347
2025-03-30,128,1,0,190
2025-03-31,189,8,4,239
2025-04-01,246,2,2,138
2025-04-02,667,9,4,158
2025-04-03,146,1,3,490
2025-04-04,200,2,6,889
2025-04-05,337,3,8,350
2025-04-06,389,0,8,170
2025-04-07,355,3,6,114
2025-04-08,148,3,0,569
2025-04-09,459,8,7,250
2025-04-10,590,4,0,389
2025-04-11,348,5,0,235
2025-04-12,799,5,2,570
2025-04-13,356,6,6,790
2025-04-14,137,1,1,399
2025-04-15,334,0,0,127
2025-04-16,149,4,2,444
2025-04-17,367,6,0,370
2025-04-18,177,5,8,477
2025-04-19,560,1,3,490
2025-04-20,238,3,7,458
2025-04-21,667,9,1,560
2025-04-22,170,8,8,233
2025-04-23,570,2,1,155
2025-04-24,250,7,8,134
2025-04-25,178,6,0,145
2025-04-26,440,8,2,138
2025-04-27,689,3,7,160
2025-04-28,490,3,3,580
2025-04-29,220,4,6,457
2025-04-30,270,9,4,590
2025-05-01,156,2,7,890
2025-05-02,448,6,7,458
2025-05-03,227,1,9,360
2025-05-04,590,4,3,670
2025-05-05,344,1,7,377
2025-05-06,167,4,0,235
2025-05-07,360,9,5,348
2025-05-08,113,5,7,890
2025-05-09,250,7,2,138
2025-05-10,146,1,6,123
2025-05-11,170,8,7,890
2025-05-12,239,4,1,579
2025-05-13,158,4,1,470
2025-05-14,288,8,2,679
2025-05-15,577,9,0,389
2025-05-16,236,1,1,560
2025-05-17,680,4,8,350
2025-05-18,157,3,7,269
2025-05-19,289,9,1,245
2025-05-20,578,0,3,238
2025-05-21,260,8,3,670
2025-05-22,568,9,0,460
2025-05-23,700,7,5,113
2025-05-24,699,4,8,260
2025-05-25,356,4,7,368
2025-05-26,558,8,2,480
2025-05-27,367,6,4,257
2025-05-28,235,0,3,580
2025-05-29,680,4,1,579
2025-05-30,460,0,9,469
2025-05-31,579,1,2,345
2025-06-01,460,0,6,150
2025-06-02,399,1,3,580
2025-06-03,590,4,1,489
2025-06-04,470,1,1,100
2025-06-05,780,5,5,168
2025-06-06,458,7,8,567
2025-06-07,346,6,9,135
2025-06-08,149,4,1,146
2025-06-09,567,8,9,450
2025-06-10,490,3,7,269
2025-06-11,238,3,7,124
2025-06-12,268,6,1,470
2025-06-13,249,5,5,177
2025-06-14,678,1,0,118
2025-06-15,590,4,5,258
2025-06-16,336,2,5,348
2025-06-17,400,4,5,140
2025-06-18,390,2,0,145
2025-06-19,166,3,0,190
2025-06-20,478,9,9,577
2025-06-21,579,1,2,660
2025-06-22,278,7,1,489
2025-06-23,249,5,8,459
2025-06-24,668,0,8,260
2025-06-25,440,8,3,300
2025-06-26,449,7,5,339
2025-06-27,668,0,8,288
2025-06-28,390,2,2,336
2025-06-29,378,8,4,248
2025-06-30,259,6,1,579
2025-07-01,566,7,8,116
2025-07-02,247,3,3,139
2025-07-03,168,5,9,180
2025-07-04,278,7,3,300
2025-07-05,559,9,8,170
2025-07-06,247,3,8,350
2025-07-07,380,1,6,349
2025-07-08,290,1,0,460
2025-07-09,136,0,5,159
2025-07-10,268,6,2,570
2025-07-11,189,8,9,117
2025-07-12,356,4,4,347
2025-07-13,790,6,3,157
2025-07-14,168,5,4,699
2025-07-15,127,0,1,119
2025-07-16,112,4,4,167
2025-07-17,158,4,5,159
2025-07-18,125,8,1,560
2025-07-19,479,0,2,237
2025-07-20,459,8,8,125
2025-07-21,268,6,4,347
2025-07-22,149,4,0,136
2025-07-23,167,4,8,189
2025-07-24,280,0,8,558
2025-07-25,589,2,1,335
2025-07-26,578,0,3,157
2025-07-27,136,0,6,169
2025-07-28,455,4,1,380
2025-07-29,250,7,5,159
2025-07-30,459,8,7,233
2025-07-31,339,5,1,155
2025-08-01,770,4,0,550
2025-08-02,379,9,3,157
2025-08-03,279,8,6,178
2025-08-04,799,5,2,156
2025-08-05,788,3,7,278
2025-08-06,170,8,7,340
2025-08-07,350,8,9,270
2025-08-08,458,7,9,388
2025-08-09,148,3,4,130
2025-08-10,460,0,2,147
2025-08-11,668,0,5,780
2025-08-12,449,7,7,269
2025-08-13,780,5,8,459
2025-08-14,467,7,4,130
2025-08-15,***,*,*,***
2025-08-16,278,7,9,450
2025-08-17,160,7,0,389
2025-08-18,270,9,6,000
2025-08-19,368,7,2,156
2025-08-20,290,1,0,280
2025-08-21,113,5,8,288
2025-08-22,349,6,4,158
2025-08-23,478,9,0,569
2025-08-24,245,1,0,677
2025-08-25,267,5,7,449
2025-08-26,569,0,8,116
2025-08-27,560,1,3,256
2025-08-28,224,8,2,345
2025-08-29,250,7,7,458
2025-08-30,589,2,3,689
2025-08-31,457,6,9,180
2025-09-01,589,2,1,344
2025-09-02,559,9,2,147
2025-09-03,127,0,6,259
2025-09-04,114,6,9,126
2025-09-05,334,0,4,680
2025-09-06,240,6,2,480
2025-09-07,789,4,1,146
2025-09-08,440,8,4,770
2025-09-09,249,5,8,477
2025-09-10,779,3,6,150
2025-09-11,369,8,8,170
2025-09-12,240,6,4,590
2025-09-13,459,8,0,244
2025-09-14,570,2,5,780
2025-09-15,370,0,6,240
2025-09-16,259,6,9,469
2025-09-17,466,6,2,336
2025-09-18,470,1,3,346
2025-09-19,488,0,1,227
2025-09-20,229,3,9,126
2025-09-21,234,9,1,137
2025-09-22,260,8,6,899
2025-09-23,290,1,2,570
2025-09-24,380,1,5,690
2025-09-25,180,9,9,450
2025-09-26,488,0,7,124
2025-09-27,115,7,5,267
2025-09-28,188,7,7,566
2025-09-29,478,9,0,145
2025-09-30,126,9,4,239
2025-10-01,168,5,7,179
2025-10-02,148,3,8,468
2025-10-03,149,4,0,235
2025-10-04,120,3,1,146
2025-10-05,259,6,6,178
2025-10-06,225,9,3,247
2025-10-07,124,7,8,558
2025-10-08,346,3,2,138
2025-10-09,140,5,5,447
2025-10-10,359,7,0,389
2025-10-11,589,2,2,147
2025-10-12,445,3,0,668
2025-10-13,250,7,7,160
2025-10-14,333,9,0,389
2025-10-15,134,8,2,499
2025-10-16,338,4,3,238
2025-10-17,390,2,9,234
2025-10-18,***,*,*,***
2025-10-19,***,*,*,***
2025-10-20,***,*,*,***
2025-10-21,***,*,*,***
2025-10-22,***,*,*,***
2025-10-23,***,*,*,***
2025-10-24,***,*,*,***
2025-10-25,***,*,*,***
2025-10-26,***,*,*,***
2025-11-03,669,1,7,566
2025-11-04,389,0,9,270
2025-11-05,470,1,8,350
2025-11-06,233,8,7,557
2025-11-07,279,8,0,677
2025-11-08,246,2,4,239
2025-11-09,556,6,9,379
2025-11-10,338,4,0,370
2025-11-11,390,2,9,234
2025-11-12,679,2,2,246
2025-11-13,250,7,1,137
2025-11-14,178,6,0,127
2025-11-15,357,5,6,600
2025-11-16,267,5,9,450
2025-11-17,268,6,9,289
2025-11-18,256,3,4,248
2025-11-19,245,1,0,488
2025-11-20,188,7,7,458
2025-11-21,345,2,8,459
2025-11-22,660,2,4,455
2025-11-23,679,2,0,127
2025-11-24,138,2,0,136
2025-11-25,557,7,1,236
2025-11-26,190,0,6,240
2025-11-27,799,5,3,490
2025-11-28,479,0,6,358
2025-11-29,477,8,9,270
2025-11-30,237,2,2,246
2025-12-01,170,8,6,178
2025-12-02,229,3,4,149
2025-12-03,256,3,1,245
2025-12-04,188,7,0,569
2025-12-05,590,4,5,159
2025-12-06,455,4,3,300
2025-12-07,257,4,6,448
2025-12-08,788,3,1,137
2025-12-09,220,4,9,360
2025-12-10,378,8,4,130
2025-12-11,679,2,0,569
2025-12-12,339,5,3,580
2025-12-13,348,5,3,689
2025-12-14,469,9,8,233
2025-12-15,127,0,0,190
2025-12-16,000,6,1,669
2025-12-17,338,4,0,578
2025-12-18,689,3,2,480
2025-12-19,112,4,5,780
2025-12-20,470,1,0,136
2025-12-21,137,1,4,356
2025-12-22,135,9,4,446
2025-12-23,470,1,0,569
2025-12-24,499,2,8,558
2025-12-25,368,7,6,358
2025-12-26,458,7,4,220
2025-12-27,136,0,5,136
2025-12-28,145,0,3,490
2026-01-05,259,6,6,457
2026-01-06,136,0,9,180
2026-01-07,133,7,0,677
2026-01-08,235,0,4,356
2026-01-09,360,9,7,890
2026-01-10,234,9,1,470
2026-01-11,170,8,5,249
2026-01-12,169,6,1,128
2026-01-13,230,5,0,280
2026-01-14,227,1,0,578
2026-01-15,227,1,3,139
2026-01-16,370,0,0,244
2026-01-17,557,7,7,278
2026-01-18,245,1,7,467
2026-01-19,580,3,1,344
2026-01-20,000,9,3,445
2026-01-21,144,9,8,800
2026-01-22,688,2,8,134
2026-01-23,236,1,0,145
2026-01-24,480,2,3,229
2026-01-25,349,6,8,990
2026-01-26,***,*,*,***
2026-01-27,790,6,6,349
2026-01-28,160,7,8,369
2026-01-29,380,1,2,570
2026-01-30,660,2,8,189
2026-01-31,119,1,7,359
2026-02-01,569,0,8,279
2026-02-02,450,9,4,590
2026-02-03,189,8,2,129
2026-02-04,234,9,9,270
2026-02-05,349,6,6,240
2026-02-06,369,8,9,117
2026-02-07,500,5,8,288
2026-02-08,577,9,6,899
2026-02-09,890,7,7,250
2026-02-10,344,1,1,290
2026-02-11,460,0,8,170
2026-02-12,160,7,9,144
2026-02-13,557,7,4,239
2026-02-14,259,6,2,228
2026-02-15,467,7,9,000
2026-02-16,889,5,3,670
2026-02-17,255,2,1,290
2026-02-18,445,3,8,288
2026-02-19,390,2,5,168
2026-02-20,699,4,4,347
2026-02-21,289,9,9,126
2026-02-22,113,5,9,289
2026-02-23,468,8,8,369
2026-02-24,127,0,2,156
2026-02-25,199,9,5,249
2026-02-26,330,6,4,167
2026-02-27,789,4,3,580
2026-02-28,450,9,8,134
2026-03-01,158,4,1,236
2026-03-02,357,5,6,880
2026-03-03,256,3,3,120
2026-03-04,***,*,*,***
2026-03-05,468,8,8,170
2026-03-06,660,2,1,380
2026-03-07,189,8,6,367
2026-03-08,379,9,8,350
2026-03-16,459,8,0,479
2026-03-17,280,0,3,120
2026-03-18,259,6,1,678
2026-03-19,169,6,9,126
2026-03-20,589,2,2,480
2026-03-21,588,1,7,160
2026-03-22,000,3,3,346
2026-03-23,136,0,5,258
2026-03-24,348,5,7,359
2026-03-25,266,4,4,680
2026-03-26,168,5,0,190
2026-03-27,367,6,1,146
2026-03-28,388,9,4,167
2026-03-29,355,3,2,129
2026-03-30,460,0,9,478
2026-03-31,360,9,6,178
2026-04-01,138,2,0,578
2026-04-02,134,8,2,570
2026-04-03,345,2,4,356
2026-04-04,360,9,9,478
2026-04-05,580,3,9,568
2026-04-06,400,4,2,237
2026-04-07,334,0,3,490
2026-04-08,567,8,9,577
2026-04-09,233,8,6,448
2026-04-10,299,0,2,255
2026-04-11,457,6,7,557
2026-04-12,389,0,7,340
2026-04-13,168,5,1,489
2026-04-14,199,9,6,600
2026-04-15,460,0,0,127
2026-04-16,259,6,5,258
2026-04-17,800,8,1,227
2026-04-18,370,0,4,130
2026-04-19,224,8,0,235
2026-04-20,170,8,2,589
2026-04-21,346,3,7,188
2026-04-22,346,3,9,360
2026-04-23,580,3,0,370
2026-04-24,668,0,2,570
2026-04-25,237,2,6,178
2026-04-26,790,6,5,113
2026-04-27,299,0,1,146
2026-04-28,119,1,2,688
2026-04-29,256,3,7,566
2026-04-30,588,1,4,130
2026-05-01,250,7,6,169
2026-05-02,790,6,0,569
2026-05-03,246,2,8,378
2026-05-04,679,2,1,236
2026-05-05,368,7,4,590
2026-05-06,340,7,8,459
2026-05-07,677,0,9,234
2026-05-08,139,3,6,880
2026-05-09,160,7,9,478
2026-05-10,140,5,3,580
2026-05-11,330,6,2,589
2026-05-12,359,7,9,270
2026-05-13,159,5,4,680
2026-05-14,460,0,2,138
2026-05-15,136,0,3,490
2026-05-16,148,3,4,590
2026-05-17,136,0,1,128
2026-05-18,399,1,8,233
2026-05-19,580,3,6,169
2026-05-20,146,1,7,557
2026-05-21,180,9,3,490
2026-05-22,690,5,8,459
2026-05-23,159,5,1,100
2026-05-24,770,4,2,390
2026-05-25,390,2,7,359
2026-05-26,689,3,7,124
2026-05-27,469,9,5,168
2026-05-28,223,7,2,589
2026-05-29,446,4,4,266
2026-05-30,500,5,5,230
2026-05-31,388,9,6,126
2026-06-01,245,1,3,788
2026-06-02,456,5,5,447
2026-06-03,227,1,4,112
2026-06-04,113,5,0,235
2026-06-05,145,0,0,668
2026-06-06,445,3,4,257
2026-06-07,170,8,4,356
2026-06-08,150,6,1,146
2026-06-09,690,5,9,234
2026-06-10,258,5,4,257
2026-06-11,778,2,4,239
2026-06-12,134,8,5,690
2026-06-13,388,4,1,128
2026-06-14,135,9,8,567
2026-06-15,560,1,2,138
2026-06-16,689,3,7,340
2026-06-17,168,5,2,345
2026-06-18,156,2,2,589
2026-06-19,259,6,7,368
2026-06-20,880,6,1,560
2026-06-21,399,1,0,569
2026-06-22,233,8,6,600
2026-06-23,225,9,9,234
2026-06-24,117,9,8,116
2026-06-25,880,6,5,159
2026-06-26,339,5,8,459
2026-06-27,679,2,2,345
2026-06-28,380,1,0,000
2026-06-29,148,3,6,466
2026-06-30,290,1,5,230
2026-07-01,144,9,5,339
2026-07-02,388,9,1,335
2026-07-03,160,7,8,459
2026-07-04,356,4,1,290
2026-07-05,135,9,5,780
2026-07-06,889,5,0,136
2026-07-07,168,5,8,233
2026-07-08,157,3,6,899
2026-07-09,579,1,2,129
